name,address,phone,rating,reviews,google_maps_url
"Hollywood Dental","1176 South 1480 West, Orem","(801) 224-5437","5","1","https://maps.google.com/?cid=6773485732140950452"
"Dr. Jason D. Allan, DDS","1176 South 1480 West, Orem","(801) 426-0774","","","https://maps.google.com/?cid=9875802993968822566"
"Dr. Kenneth A. Molen, DDS","1176 South 1480 West, Orem","(801) 426-8234","5","1","https://maps.google.com/?cid=1762709059880140989"
"Westside Auto Repair","1401 W 400 S, Orem","(801) 229-9076","4.7","119","https://maps.google.com/?cid=5594172907102105096"
"Window Tint Ninja","690 S 1545 W, Orem","","5","3","https://maps.google.com/?cid=3456149061570938408"
"FireControl","47 E Lake View Dr, Vineyard","(801) 376-8876","5","3","https://maps.google.com/?cid=17826946420733208845"
"Advantage Dental Assisting School in Utah","1176 South 1480 West, Orem","(801) 426-0774","","","https://maps.google.com/?cid=11491150488566095787"
"SR Game Nights","730 South Sleepy Ridge Drive, Orem","(801) 899-8000","4.6","11","https://maps.google.com/?cid=10427178903751702152"
"Sol Gen Renewables, Inc.","730 South Sleepy Ridge Drive, Orem","(866) 899-0559","","","https://maps.google.com/?cid=9032213643594922938"
"VerticalOps","730 South Sleepy Ridge Drive #100, Orem","(801) 899-9043","","","https://maps.google.com/?cid=4599316577340615556"
"The Villas","712 South 1840 West, Orem","","4","4","https://maps.google.com/?cid=10119680006341521005"
"The Sam Effect Personal Training","690 South 1545 West, Orem","(801) 899-9613","","","https://maps.google.com/?cid=12362810133098773525"
"Lake Side Power Station","1825 North Pioneer Lane, Lindon","(888) 221-7070","4","35","https://maps.google.com/?cid=11326250307674451014"
"Gibson & Shirts, LLC","252 Orem Boulevard, Orem","(801) 836-9720","","","https://maps.google.com/?cid=13726448083553947222"
"Cardtronics ATM","648 East 800 South, Orem","(800) 786-9666","5","2","https://maps.google.com/?cid=4893485556222265629"
"Child Care Resource & Referral","800 W University Pkwy, Orem","(801) 863-8220","","","https://maps.google.com/?cid=16605624029356151330"
"E Cosway","575 East University Parkway, Orem","(801) 229-9000","","","https://maps.google.com/?cid=14379692755839271232"
"Heritage Makers Inc","370 Center Street, Orem","(801) 437-8000","3.4","7","https://maps.google.com/?cid=18386278794183956802"
"Spanish Fork","Spanish Fork","","","","https://maps.google.com/?cid=10046355484584794576"
"Archetype Business Solutions (formerly J-Mart Printing)","260 North Main Street, Spanish Fork","(801) 798-6816","4.9","317","https://maps.google.com/?cid=2433568509739940717"
"Dr. John Evans","845 North 300 West, Spanish Fork","(801) 798-7493","4.8","5","https://maps.google.com/?cid=12327623032424829657"
"Dan's Dash In","890 North Main Street, Spanish Fork","(801) 798-3792","5","3","https://maps.google.com/?cid=4229702908357749798"
"Donahue's Welding","1962 N Main St Unit 1, Spanish Fork","(801) 794-1337","4.2","5","https://maps.google.com/?cid=8419196932398281762"
"Cole's House of Trophies","257 North Main Street, Spanish Fork","(801) 798-3015","4.8","25","https://maps.google.com/?cid=15176639378334520263"
"marvin laughlin countertops","1920 North 300 West, Spanish Fork","(801) 735-3974","3","8","https://maps.google.com/?cid=11922590866810648154"
"Lukie's Daycare","318 W 1060 S St, Orem","(801) 636-2438","5","6","https://maps.google.com/?cid=13409273938088831294"
"Tricia's Day Care","283 Cherry Hill Dr, Pleasant Grove","(801) 833-0945","5","1","https://maps.google.com/?cid=7883835016190368175"
"Sproutlings Preschool","674 W 350 S, Orem","(801) 800-4550","5","6","https://maps.google.com/?cid=17720326577954786040"
"Irmas daycare llc","773 400 E, Orem","(801) 995-2606","1.9","7","https://maps.google.com/?cid=16021883797889138926"
"Janine's Licensed Home Daycare","1200 N 500 W St, Orem","(801) 380-9988","5","1","https://maps.google.com/?cid=10807011146288224249"
"Crossroads Daycare/Preschool","515 W 740 N St, Orem","","","","https://maps.google.com/?cid=3478555977960925833"
"Teresa Christiansen Day Care","733 E 640 N, Orem","(801) 224-8404","3","2","https://maps.google.com/?cid=1205460530019583641"
"S.P. FOUNDATION CORP","829 S 220 E, Orem","","5","2","https://maps.google.com/?cid=2875335793931414775"
"Biesinger & Kofford CPA's","4778 N 300 W #200, Provo","(801) 802-9100","4.7","13","https://maps.google.com/?cid=12876437525641992098"
"Duckworth & Gordon PLLC","3550 N University Ave # 300, Provo","(801) 377-2727","5","10","https://maps.google.com/?cid=3126205115044744547"
"Douglas D Halladay & Co CPA","1113 Orem Blvd, Orem","(801) 224-4200","5","1","https://maps.google.com/?cid=17487464201581834821"
"Ball Charles M CPA","592 State St, Orem","(801) 358-9990","5","4","https://maps.google.com/?cid=7967731285581622814"
"Stevenson Smith CPAs","5252 N Edgewood Dr #350, Provo","(801) 234-4200","5","4","https://maps.google.com/?cid=8535710875167629016"
"Dennis R. Pettey, CPA","Inside first set of doors of UCCU building, 105 E State Rd #130, Pleasant Grove","(801) 915-1824","3.8","6","https://maps.google.com/?cid=418908034377690821"
"Hortin Steven K CPA","5255 N Edgewood Dr # 225, Provo","(801) 374-8740","5","1","https://maps.google.com/?cid=16749731667686881070"
"Tax City","561 S Orem Blvd M1, Orem","(801) 225-1151","4.5","46","https://maps.google.com/?cid=14274249258413389554"
"O.D. Bruce & Co. Accounting and Taxes","222 E 400 S, Orem","(801) 221-0415","","","https://maps.google.com/?cid=18083141064692595969"
"Ams Taxes","Orem","(801) 374-3089","4.2","5","https://maps.google.com/?cid=9008169800098206953"
"Forsyth Tax Solutions","887 Center St, Orem","(801) 226-1161","","","https://maps.google.com/?cid=6106954436707558697"
"Baca's Tax Service","North, 1390 W 225 S, Orem","(801) 897-9983","5","1","https://maps.google.com/?cid=3848969584859536595"
"Orem Tax Services","519 Orem Blvd, Orem","(877) 329-6500","5","1","https://maps.google.com/?cid=17521183029799810713"
"Harker & Associates, CPA","1838 N 1120 W, Provo","(801) 375-5553","4.6","9","https://maps.google.com/?cid=2987005699837864993"
"McKell Beeton & Winn Inc","943 Orem Blvd, Orem","(801) 224-6636","4.5","8","https://maps.google.com/?cid=8307080150608197131"
"SHERWOOD & COMPANY LLC","358 N 1100 E # 5, American Fork","(385) 498-8798","5","3","https://maps.google.com/?cid=2264240938741805687"
"Joe Mardesich Bookkeeping","1159 N 950 E St, Pleasant Grove","(801) 822-6301","5","1","https://maps.google.com/?cid=5045560513196364090"
"Laudie & Associates LLC","48 W 200 S St, Pleasant Grove","(801) 224-0504","3.3","18","https://maps.google.com/?cid=13132912727196079898"
"Guthrie Corporation","585 S 300 E St, Pleasant Grove","(801) 796-0435","","","https://maps.google.com/?cid=3561473656835547375"
"Sevy Tax and Accounting","1175 E 100 N St, Pleasant Grove","(801) 785-9253","","","https://maps.google.com/?cid=17947064514859159038"
"Marvin R. Poulsen CPA","890 E 700 N, American Fork","(801) 756-7715","","","https://maps.google.com/?cid=1831142689585129782"
"Vigoren Ron W CPA","63 W 600 N, Lindon","(801) 377-2177","","","https://maps.google.com/?cid=45861355330753884"
"Amer Hispana","243 Daniel Dr, Orem","(801) 687-1694","4","5","https://maps.google.com/?cid=14689058828874735985"
"HDFreeman Bookkeeping","2342 Cimarron Ave, Saratoga Springs","(385) 237-8136","","","https://maps.google.com/?cid=700191533953035161"
"Russon Bookkeeping","7276 N Honey Field Way, Eagle Mountain","(925) 381-3532","","","https://maps.google.com/?cid=17525213351567265068"
"Kasteler Bookkeeping","N/A, Saratoga Springs","","","","https://maps.google.com/?cid=5407754836188632965"
"3xacto Accounting","1424 E Curtiss Way, Eagle Mountain","(385) 400-9091","","","https://maps.google.com/?cid=4322144752105056104"
"Janae Forsey Business Services","1803 North 3870 West, Lehi","(801) 787-3576","5","27","https://maps.google.com/?cid=15235744560935014669"
"META STRATS ACCOUNTING","2901 Bluegrass Blvd Suit 200, Lehi","(801) 753-8362","1","3","https://maps.google.com/?cid=16792679698750318208"
"Tax and Transact","1803 N 2300 W, Lehi","(801) 787-3576","","","https://maps.google.com/?cid=13873624476526215986"
"Multiservicios Latinos","2135 W Main St B303, Lehi","(801) 830-9122","5","7","https://maps.google.com/?cid=11712945196683603377"
"10KBookkeepingBySandra","334 N Willes Dr, Saratoga Springs","(801) 687-6256","","","https://maps.google.com/?cid=4303412669882754920"
"Soto controccion corp","495 Turley Ave, Pleasant Grove","(801) 687-2272","","","https://maps.google.com/?cid=13487228395497750677"
"PRIME Business Professionals","70 Red Pine Dr, Alpine","(855) 425-8005","4.8","465","https://maps.google.com/?cid=8037484951728626973"
"Bookkeeping Concepts LLC","172 Fort Creek Dr, Alpine","(801) 836-0774","5","1","https://maps.google.com/?cid=18272828653604941749"
"JAT Accounting & Tax","70 Red Pine Dr, Alpine","(801) 763-8210","3.5","13","https://maps.google.com/?cid=3782194407229160683"
"Alan J Lyon Accountancy Corp","5513 W 11000 N, Highland","(801) 615-4100","","","https://maps.google.com/?cid=15043837103563412965"
"Allen F Thomason","10652 W Jerling Dr Suite 200, Highland","(801) 792-1144","","","https://maps.google.com/?cid=16902618469146136711"
"EXPERT GUIDANCE EVERY STEP OF THE WAY","742 N 500 W, Provo","(801) 377-3125","","","https://maps.google.com/?cid=6533828006465420555"
"Growify CPA Tax & Bookkeeping Services","180 N University Ave #270, Provo","(801) 885-4785","5","30","https://maps.google.com/?cid=17278790072380577252"
"Andon Financial","180 N University Ave, Provo","(385) 434-1430","","","https://maps.google.com/?cid=1814443537378935589"
"Grow Green Profits","1104 1480 E, Provo","(385) 985-7709","5","7","https://maps.google.com/?cid=3324955468942400773"
"JDean","White (not Hispanic or Latino, 73 N 300 E, Provo","(801) 430-3942","","","https://maps.google.com/?cid=5598618727090416937"
"Calder James H CPA","877 Freedom Blvd 200 W, Provo","(801) 375-7771","","","https://maps.google.com/?cid=1762526307439835229"
"CHRIS SMITH TAXES & ACCOUNTING","290 E 1270 N St, Springville","(801) 548-9033","5","1","https://maps.google.com/?cid=3436521916191860729"
"Pro Eagle Tax Services, LLC","690 N 100 W, Springville","(801) 735-2827","5","1","https://maps.google.com/?cid=7043026066941428635"
"L Olsen Bookkeeping Services","506 N 470 E, Genola","(801) 473-9106","","","https://maps.google.com/?cid=107205877934618268"
"Shelley & Shelley","15 N 100 E, American Fork","(801) 756-7647","5","6","https://maps.google.com/?cid=1328636783164777449"
"VP Accounting","433 S School House Rd, Saratoga Springs","(801) 380-7739","","","https://maps.google.com/?cid=16497525522049017739"
"Account & Billing Management","481 W 50 N, American Fork","(801) 492-0871","","","https://maps.google.com/?cid=5742718563665102709"
"Hunts Accounting, Inc.","14241 S Redwood Rd, Bluffdale","(801) 446-6380","4.5","8","https://maps.google.com/?cid=9344857546809633591"
"John R Brown, CPA, PC","13996 Old Dobbin Ln, Draper","(801) 518-0911","5","2","https://maps.google.com/?cid=8593507920166456747"
"Balancing Beans","14046 Pepi Band Rd, Draper","(801) 244-9538","","","https://maps.google.com/?cid=14423572327112466576"
"Robert Hunter & Associates, P.C.","13961 Minuteman Dr # 350, Draper","(801) 523-2220","2.3","3","https://maps.google.com/?cid=18347097735875265277"
"Eagle Tax & Accounting","American Fork","(801) 756-7372","","","https://maps.google.com/?cid=16755182703831070099"
"Brad Bradley & Associates PLLC","826 E 12300 S #1st, Draper","(801) 572-6684","4.2","5","https://maps.google.com/?cid=8931832120478329802"
"Michael Dean, CPA","11618 S Player Cir, Sandy","(801) 938-5668","","","https://maps.google.com/?cid=729524940307022086"
"American Business and Financial Services","845 N 100 E, Spanish Fork","(801) 794-0850","5","8","https://maps.google.com/?cid=12015672605843953460"
"Valdez Brothers Plumbing","50 1200 W #2760, Orem","(385) 332-8356","4.9","192","https://maps.google.com/?cid=7857628028627175885"
"Avery & Sons Plumbing","1026 S 1680 W #9900, Orem","(435) 485-7121","4.9","116","https://maps.google.com/?cid=16598698915184398453"
"Provo Plumbing Drain Services","282 W River Bend Ln Suite 230, Provo","(801) 877-5175","5","30","https://maps.google.com/?cid=1611234390293981396"
"Riley & Sons Plumbing","704 W 800 N, Orem","(720) 640-4790","4.8","161","https://maps.google.com/?cid=17267083206004865500"
"Orem Plumbers & Drain Cleaning","1178 S State St, Orem","(385) 452-6008","4.9","54","https://maps.google.com/?cid=1582340877781744051"
"Esparza Brothers Plumbing Co","591 S 300 W #8160, Provo","(385) 381-6756","4.7","106","https://maps.google.com/?cid=17587270893181909670"
"Lehi Plumbing & Drain Co","520 S 850 E Suite D20, Lehi","(801) 753-9152","5","36","https://maps.google.com/?cid=11735288765853442198"
"Next Plumbing & Heating","172 14075 S #216, Draper","(801) 416-2075","5","53","https://maps.google.com/?cid=1825381676832522622"
"1-800-Plumber +Air","1657 N State St, Lehi","(385) 426-3134","4.8","123","https://maps.google.com/?cid=9130933724669018533"
"Lakeside Plumbing Services LLC","14701 Bright Wood Rd, Herriman","(801) 251-6104","4.8","47","https://maps.google.com/?cid=2692742084871179603"
"Utah Best Plumbing","1111 S Orem Blvd, Orem","(435) 334-4881","4.8","117","https://maps.google.com/?cid=14299640571729822196"
"Plumbing Pros of Provo","281 W 1230 N, Provo","(385) 412-8168","5","48","https://maps.google.com/?cid=18066359337654354491"
"Captain Plumber","1510 400 S, Orem","(801) 735-9781","5","17","https://maps.google.com/?cid=8603062645762029029"
"Plumbers Provo","1329 N 950 W St, Provo","(385) 450-5001","5","3","https://maps.google.com/?cid=3744329068840063674"
"Rycon plumbing","445 Heather Rd, Orem","(385) 483-9489","","","https://maps.google.com/?cid=6545614517944446337"
"Some Guy Handyman Service","434 S 500 E St, American Fork","(808) 282-2863","5","85","https://maps.google.com/?cid=10997108109872684283"
"Handyman of Vineyard","104 W 570 N, Vineyard","(801) 960-8475","5","7","https://maps.google.com/?cid=10541254370437371753"
"Shane's Handyman Service","425 E 1200 N, Orem","(801) 885-4891","5","4","https://maps.google.com/?cid=9923633312828862318"
"Homesight Handyman Services","55 N State St, Orem","(385) 330-0275","5","4","https://maps.google.com/?cid=3579573358810251770"
"El Boricua Handyman","2495 W 960 N St, Provo","(801) 404-3216","5","1","https://maps.google.com/?cid=12597975681248027706"
"Frank handyman","605 Turley Ave, Pleasant Grove","(385) 204-2792","5","9","https://maps.google.com/?cid=10312235503974521688"
"Bair Ridge LLC","613 970 W, Provo","(385) 241-9200","5","1","https://maps.google.com/?cid=5333562485553113772"
"W.A. Designs Handyman Services","796 W 425 N, Lindon","(801) 427-2754","4.3","6","https://maps.google.com/?cid=1584311929993434599"
"Investigative Home Repair - Handyman Services","1388 W 900 N, Provo","(385) 223-1696","5","2","https://maps.google.com/?cid=6057928908205744469"
"Total Home Restoration","461 S 900 E St, Provo","(385) 201-4808","4.8","10","https://maps.google.com/?cid=850328155256132285"
"Sanchez Handyman Services","348 N 400 W St Apartment 16, Provo","(385) 230-1859","1","1","https://maps.google.com/?cid=16997373175219704884"
"Hunt Framing and Handyman services","506 400 E, Orem","(385) 375-1010","2.3","3","https://maps.google.com/?cid=857640650064361216"
"1-Call Handyman","185 East Saratoga Dr, Saratoga Springs","(801) 806-0504","5","17","https://maps.google.com/?cid=14761931909729640029"
"B&B Homeowner Services","55 Wilson Ave, American Fork","(801) 310-4850","4.6","10","https://maps.google.com/?cid=17630509329004263543"
"Petrell Home Solutions","129 W Ridge Rd, Saratoga Springs","(801) 400-9460","5","1","https://maps.google.com/?cid=4158566165829812363"
"PoPo's Remodeling","383 W Casi Way, Saratoga Springs","(801) 200-3404","5","2","https://maps.google.com/?cid=9234700358007482728"
"Hutchings handyman service’s","2449n N 840 W, Lehi","(801) 602-4989","5","7","https://maps.google.com/?cid=10276919682356634093"
"Grays Handyman & Install LLC","2449 N 840 W, Lehi","(801) 687-5189","4.5","8","https://maps.google.com/?cid=7508817935204441339"
"Your local handyman","714 100 W, Santaquin","(801) 358-1551","5","2","https://maps.google.com/?cid=3401102409777362977"
"Charles Inge Handy Man Services","50 S 300 W, Santaquin","(801) 754-0229","2","1","https://maps.google.com/?cid=987604701573329690"
"Hubby-Do-For Hire","1379 Cedar Pass Dr, Santaquin","","","","https://maps.google.com/?cid=7056351920195354479"
"Akamai Moving Company","1765 Willowbrook Dr, Provo","(801) 512-5780","4.9","20","https://maps.google.com/?cid=12086318599092186215"
"King Movers: Utah Moving Company","5669 W 9600 N, Highland","(801) 860-9619","5","2","https://maps.google.com/?cid=13261023288522978707"
"RTanner’s Moving","251 990 N, Orem","(385) 201-3296","4.6","40","https://maps.google.com/?cid=16480712974771561067"
"Simple Moving, LLC.","1751 Revere Way, Eagle Mountain","","","","https://maps.google.com/?cid=15168405885307525734"
"Premier Moving & Storage","410 E 1980 N, Provo","(801) 830-2858","","","https://maps.google.com/?cid=13318062237490900239"
"Factory Restore Mobile Auto Detail","W 630 N, Vineyard","(702) 785-1655","5","10","https://maps.google.com/?cid=17671937088832907921"
"Timmy's Detail","1181 N 300 E, Pleasant Grove","","4.9","17","https://maps.google.com/?cid=12582878338755942975"
"Artisan Cleanup","1420 S 640 E St, Orem","(801) 872-8469","5","3","https://maps.google.com/?cid=610653703975119057"
"Mike's Car Detail","1640 N State St, Orem","(801) 623-9346","4.9","50","https://maps.google.com/?cid=5073766601720317618"
"Valley Detail LLC","1200 Industrial Park Rd Suite B, Orem","(385) 330-0164","5","8","https://maps.google.com/?cid=14141628469762988789"
"Jon's Detail Garage","976 N 250 E St, Orem","(936) 443-8196","5","1","https://maps.google.com/?cid=4993875364829811301"
"Detail Technologies Car Detailing Service","475 N State St, Lindon","(801) 200-3942","4.8","5","https://maps.google.com/?cid=11352493824905987650"
"Curtis auto detailing","1502 400 S #5, Orem","","4","1","https://maps.google.com/?cid=17687440206011248959"
"Sundance Detail","3612 400 W, Provo","(801) 369-5604","3.4","5","https://maps.google.com/?cid=12497518512679852642"
"Unique Motors Detailing","215 S 800 W, Lindon","(385) 312-3678","3","2","https://maps.google.com/?cid=3421192287970146045"
"Evolution Mobile Detailing","465 E 1145 N, Orem","(801) 368-6419","","","https://maps.google.com/?cid=780185714778858222"
"C W Detailing","486 W 1040 N, American Fork","(801) 921-3045","","","https://maps.google.com/?cid=4417906980479757554"
"Zen Mobile Detailing","238 E State Rd, Pleasant Grove","","","","https://maps.google.com/?cid=72716656405948394"
"Triple M Auto Detailing","355 N Mill Rd, Vineyard","(801) 995-5109","","","https://maps.google.com/?cid=6708205492350519908"
"Brayden's Auto Detail","528 N 1300 W, Lehi","","5","27","https://maps.google.com/?cid=11400604903938253747"
"Legend Detailing","735 E 950 S St, Provo","(385) 200-1374","5","10","https://maps.google.com/?cid=16056579766436085319"
"Oso’s detailing","410 E State St, Lehi","(385) 371-8166","5","2","https://maps.google.com/?cid=9382259859926423456"
"Valhalla Auto Haven","429 N 1340 E, Provo","(417) 288-9775","","","https://maps.google.com/?cid=10920670643711813429"
"O.M Detailing","655 Emery Ln, Vineyard","(801) 874-8287","","","https://maps.google.com/?cid=4553479613966499175"
"Lead Foot Auto Spa - Ceramic Coatings & Auto Detailing","1732 W Newcastle Ln, Saratoga Springs","(385) 528-7209","5","29","https://maps.google.com/?cid=11698329875150368840"
"Elite Coatings","412 Meadow Garden Rd, American Fork","(801) 960-0579","5","1","https://maps.google.com/?cid=4481179414479817649"
"Roy’s Detailing Services","1229 W 3060 N, Lehi","(801) 766-0468","5","6","https://maps.google.com/?cid=8773093887244783085"
"Refresh Rides","10230 N 3900 W, Cedar Hills","(385) 223-9279","5","6","https://maps.google.com/?cid=12129605746471733036"
"RealClean Interiors Mobile Detailing","314 E Love Ln, Lehi","(385) 505-0284","5","6","https://maps.google.com/?cid=5613246149825361938"
"LMCD Car Detailing & Ceramic Coating","1307 Cattail Dr, Spanish Fork","(385) 392-4039","5","14","https://maps.google.com/?cid=13705322594351403283"
"Tito’s Professional Mobile Detailing","999 E 400 S #2, Springville","(801) 900-3727","5","13","https://maps.google.com/?cid=15434029945596517437"
"Antonio’s Auto Spa","66 W 1400 N, Springville","(801) 309-9177","","","https://maps.google.com/?cid=11968319177084221044"
"UTAH MADIO CLEANING SERVICES","657 N 100 W, Orem","(385) 349-6887","5","10","https://maps.google.com/?cid=16291833700872054122"
"ALA Dauphin Cleaning Services","2455 W 180 S St, Provo","(801) 410-9627","5","2","https://maps.google.com/?cid=12751575161379434036"
"Cats Cradle Antiques & Art","168 W Center St, Provo","(801) 374-1832","4.2","120","https://maps.google.com/?cid=8532752640238441858"
"ElegantEra Vintage","587 W State St STE 3A, Pleasant Grove","(385) 625-6836","4.6","39","https://maps.google.com/?cid=3975977844483545034"
"Steel Horse Antiques","385 400 E, Orem","(801) 836-4795","3.7","3","https://maps.google.com/?cid=11582526291584398912"
"B. Ashworth's","The Underground, 65 N University Ave #03, Provo","(801) 368-6001","4.8","13","https://maps.google.com/?cid=10106556104991092646"
"Brambles & Blossoms","959 S State St, Provo","(801) 787-6137","4.7","74","https://maps.google.com/?cid=772642805370072798"
"Granny Shep's Shoppe","500 N 1200 E, Lehi","(801) 362-2687","5","3","https://maps.google.com/?cid=18317368727779931395"
"Eborn Books of Provo","1200 Towne Centre Boulevard # 2006, Provo","(801) 607-1468","4.3","212","https://maps.google.com/?cid=5063837062268093745"
"Christensen Six","1018 E 150 S, American Fork","","","","https://maps.google.com/?cid=8451612819459578557"
"Treasures Antique Mall south","1045 N 2000 W, Springville","(801) 491-0749","4.4","401","https://maps.google.com/?cid=1112943215484458436"
"Treasures Antique Mall","1055 N 2000 W, Springville","(801) 489-4152","4.7","95","https://maps.google.com/?cid=9189479711212912786"
"R house Vintage Finds","211 N Main St, Springville","(801) 318-5005","2.5","14","https://maps.google.com/?cid=9168002238791617362"
"Copy Cat Printing","892 N State St, Orem","(801) 221-0070","4.8","5","https://maps.google.com/?cid=9481467955671715130"
"TimaThings 3D","810 S 100 W, Orem","(480) 787-8588","5","26","https://maps.google.com/?cid=5094517175639539473"
"Nance Bros 3d Printing and Prototyping","1227 Riverside Ave, Provo","(707) 530-1628","5","3","https://maps.google.com/?cid=8075945235634736555"
"Apollo Printing","838 N 2350 W St, Provo","(801) 373-6085","5","1","https://maps.google.com/?cid=8231353658649511047"
"Print Rush","307 E 1600 N St, Vineyard","","3.7","3","https://maps.google.com/?cid=16892596671393692146"
"Peczuh Printing - Pleasant Grove Location","342 S 700 W, Orem","(801) 701-1853","5","1","https://maps.google.com/?cid=5313483023149026004"
"Memoir","602 E 600 N, Provo","(801) 214-4684","","","https://maps.google.com/?cid=8039475733007418148"
"Axiom 3D","3284 S Blue Heron Dr, Saratoga Springs","(801) 310-4455","","","https://maps.google.com/?cid=885966723954915822"
"Timbertech 3D","589 N 1200 E St, American Fork","(385) 208-8305","5","1","https://maps.google.com/?cid=8645607625077085791"
"3d.PrintProdigy","5782 W Maddie Ln, Highland","(801) 922-0470","5","1","https://maps.google.com/?cid=18177398912180987989"
"Alisi Vibes","no name, Eagle Mountain","","","","https://maps.google.com/?cid=9317675698286409981"
"Walmart Home & Living","Saratoga Springs","","4.1","57","https://maps.google.com/?cid=5773224663323141401"
"Spoken Shelf Designs","3744 W 860 N, Lehi","(801) 227-9716","","","https://maps.google.com/?cid=10035336165982834629"
"Just Add Teaching","8733 Berkshire Ln, Eagle Mountain","(801) 860-5610","","","https://maps.google.com/?cid=18174593831619644888"
"Print Chronicles","3388 Pond Dr, Lehi","","","","https://maps.google.com/?cid=8160913124344834384"
"Sew Simple","941 Joshua Dr, Saratoga Springs","(801) 703-1161","5","2","https://maps.google.com/?cid=8035445101010526580"
"Ronnies Hobbies","Ronnies Hobbies, Eagle Mountain","(801) 919-7173","","","https://maps.google.com/?cid=12989316610172945856"
"Green Axis Printing","3953 Lake Mountain Dr, Saratoga Springs","(801) 360-8665","","","https://maps.google.com/?cid=2762899059562796038"
"Annette Ward Studio","604 W Parkview Dr, Lehi","(801) 718-7007","5","2","https://maps.google.com/?cid=5170200436413971156"
"Belafonte Prints","272 N 400 E St, American Fork","","","","https://maps.google.com/?cid=14726787076676720992"
"Hyrumm 3D","1061 W 1450 S, Payson","(608) 479-2152","","","https://maps.google.com/?cid=5516927171751874240"
"Vineyard Jive Dance Studio","773 E Mill Rd, Vineyard","(385) 685-3685","4.4","14","https://maps.google.com/?cid=13841092115802760879"
"The Converge Dance Academy","60 W Main St, American Fork","","5","1","https://maps.google.com/?cid=17655555405024926447"
"Extreme Rhythm Cloggers","184 Mountain Way Dr #111, Orem","","5","4","https://maps.google.com/?cid=14464950786795661582"
"Showcase USA","88 N 350 W St, American Fork","(801) 763-2623","4.8","12","https://maps.google.com/?cid=15387424188129460425"
"Utah Country Dance (Tippin Point)","266 W 100 S, Provo","(801) 871-8151","4.6","280","https://maps.google.com/?cid=14721889286923461528"
"Just Dance LLC","5400 W 11000 N #14, Highland","(801) 492-3936","5","1","https://maps.google.com/?cid=10888006115467700529"
"Erika's Dance Studio","1727 W 550 N, Lehi","(801) 400-5010","4.6","16","https://maps.google.com/?cid=4544799888375553809"
"Springville Jive Dance Studio","244 S Main St, Springville","(385) 685-3685","4.5","11","https://maps.google.com/?cid=10791576757596940678"
"Utah Valley Dance","1147 Valley View Dr, Santaquin","(801) 369-6620","4.5","6","https://maps.google.com/?cid=1417339540564153149"
"Provo River Inn","2230 North University Parkway, Provo","(801) 373-7044","3.3","1371","https://maps.google.com/?cid=15431616105736151896"
"Water Gardens Cinema 6","912 West Garden Drive, Pleasant Grove","","4.6","2680","https://maps.google.com/?cid=5710963699589580721"
"Papaya & Company Travel","Orem","(801) 377-4200","","","https://maps.google.com/?cid=521266112031689055"
"Cardtronics ATM","101 West 100 North, Provo","","5","1","https://maps.google.com/?cid=5702107638955736300"
"American Fork","American Fork","","","","https://maps.google.com/?cid=9645959022630746580"
"RCI Drywall","2313 S, Browning Drive, Saratoga Springs","(801) 420-7905","4.7","12","https://maps.google.com/?cid=2492599021672184426"
"Galloway Dumpster Rental Saratoga Springs","3736 Panorama Drive, Saratoga Springs","(385) 455-8768","","","https://maps.google.com/?cid=16629194228539384898"
"Half Illusion Digital Media","73 Catamaran Way South, Saratoga Springs","(801) 706-4399","","","https://maps.google.com/?cid=2749300019189173594"
"Eagle Park","Blossom Court, Saratoga Springs","(801) 766-1450","4.6","186","https://maps.google.com/?cid=5525559394873118975"
"Stately RE, LLC","2512 South Honeysuckle Drive, Saratoga Springs","(801) 477-6861","","","https://maps.google.com/?cid=7444383733399797096"
"Easy Breezy Preschool","1417 Lake View Terrace Road #150, Saratoga Springs","(877) 787-2762","","","https://maps.google.com/?cid=1422393252546023440"
"C&N GARAGE DOORS L.L.C.","244 Cove Rd, Saratoga Springs","(801) 636-2576","4.5","32","https://maps.google.com/?cid=8851760442037244209"
"Kievan Rus Bakery","71 Cove Court, Saratoga Springs","(385) 368-3854","4.2","39","https://maps.google.com/?cid=417722961027912038"
"Ignite Media","1639 825 West, Lehi","(801) 636-4043","5","1","https://maps.google.com/?cid=9800061356487711703"
"Cedar Valley Airport","7974 Six-Mile Cutoff Road, Eagle Mountain","(801) 368-7448","4.7","15","https://maps.google.com/?cid=3618443107043654221"
"Dr. William F. Edwards, MD","1307 North Street, Saratoga Springs","(801) 922-9222","5","1","https://maps.google.com/?cid=15661475192666013252"
"Elswood Aaron","1528 Commerce Drive, Saratoga Springs","(801) 766-8427","","","https://maps.google.com/?cid=1956227724786669232"
"Janice Robinson, FNP","1305 North Commerce Drive, Saratoga Springs, UT 84045, Saratoga Springs","","","","https://maps.google.com/?cid=10027235157284776032"
"Martin Eric DDS","3688 East Campus Drive # 220, Eagle Mountain","(801) 789-3053","5","1","https://maps.google.com/?cid=8062980465425406658"
"Summers Heating & Air Conditioning","2501 Prairie View Drive, Eagle Mountain","(801) 421-8055","4.7","12","https://maps.google.com/?cid=2733093428375307960"
"Dental Temps Inc","8410 North Ranch Road, Eagle Mountain","(801) 768-0851","5","1","https://maps.google.com/?cid=12143015191167381570"
"Eagle Mountain Quilting","1768 Parkview Ln, Eagle Mountain","(801) 404-1392","4.3","8","https://maps.google.com/?cid=6372924162845054105"
"Pine Canyon Homes","3924 East South Pass Road, Eagle Mountain","(801) 310-5607","4.7","10","https://maps.google.com/?cid=13193674911148444486"
"Utah National Guard","17800 1700 West, Bluffdale","(801) 878-5400","4.4","30","https://maps.google.com/?cid=7039807462460003131"
"1000 Point Home Inspections","10098 North 5480 West, Highland","(801) 756-3395","5","2","https://maps.google.com/?cid=3202980705987209885"
"Freedom First Firearms","2502 W. Grand Terrace Pky, Lehi","(801) 341-9067","","","https://maps.google.com/?cid=3759810594345828136"
"Dr. Stephen D. Neeleman, MD","1159 200 North, American Fork","(801) 756-5084","","","https://maps.google.com/?cid=13018122004593252774"
"Riessen Erik MD","1159 200 North, American Fork","(801) 855-2900","","","https://maps.google.com/?cid=11445246825042313770"
"Soularium Sound","702 Alpine Highway, Alpine","(801) 918-9068","4.7","41","https://maps.google.com/?cid=4659014036806919229"
"Provo Inn & Suites","150 West 300 South, Provo","(801) 374-2320","2.6","214","https://maps.google.com/?cid=13497170764700882729"
"PCM Construction","Springville","(801) 404-0199","","","https://maps.google.com/?cid=17613416728781116847"
"Esplin Hardwood Flooring","1649 1100 S, Springville","(801) 491-8834","4.5","8","https://maps.google.com/?cid=1603555288757197569"
"Sunset Trails Park","Summit Ridge Parkway, Santaquin","(801) 754-5805","4.4","117","https://maps.google.com/?cid=5582569275446227526"
"Rural Light Creative","66 East Center Street, Genola","(801) 754-5050","","","https://maps.google.com/?cid=2731931365623373213"
"Goshen Senior Center","79 South Center Street, Goshen","(801) 667-3477","4.1","7","https://maps.google.com/?cid=15328646528692457574"
"SMG Services Inc","1174 South 400 West Street, Genola","(801) 754-3341","1","1","https://maps.google.com/?cid=473775638863172956"
"Castle Creek Homes South","Summit Ridge Parkway, Santaquin","(801) 564-7618","5","1","https://maps.google.com/?cid=8724150164899235166"
"Armor Import LLC","1364 w. ridge way rd, Santaquin","(801) 754-3632","","","https://maps.google.com/?cid=4199029830134222726"
"Distinctive Decorating","387 North 300 West Street, Santaquin","(801) 754-3651","","","https://maps.google.com/?cid=2223979369471185015"
"The#1Finishguy LLC","594 North 500 West # 672, Santaquin","(801) 362-4266","","","https://maps.google.com/?cid=8193382355332797805"
"Olson's Greenhouse Gardens","475 West 500 South Street, Santaquin","(801) 754-3617","4.8","13","https://maps.google.com/?cid=13343756843363491839"
"Squash Head Park","47 North 100 East, Santaquin","(801) 754-1951","3.6","25","https://maps.google.com/?cid=3271751082879191183"
"Orchard Cove Park","Santaquin","","4.3","54","https://maps.google.com/?cid=649705304756535164"
"Murphy Bed Systems of Utah, LLC","Santaquin","(801) 548-1884","5","1","https://maps.google.com/?cid=2482905975331875197"
"Victory Acupuncture","32 North Center Street, Santaquin","(262) 902-8494","","","https://maps.google.com/?cid=547195185505760534"
"Next Step Tactical","129 South Rockwell Drive, Rocky Ridge","(435) 660-1660","3","2","https://maps.google.com/?cid=4664386138456389880"
"Santaquin Medical Clinic: Juchau Jeffrey MD","94 West Main Street, Santaquin","(801) 754-3122","5","1","https://maps.google.com/?cid=2541070026122339466"
"Santaquin Medical Clinic: Mclay Michael MD","94 West Main Street, Santaquin","(801) 754-3122","","","https://maps.google.com/?cid=656901151657609084"
"Santaquin Medical Clinic: Warner Lawrence MD","94 West Main Street, Santaquin","(801) 754-3122","","","https://maps.google.com/?cid=8372455777163024348"
"Knochel Miguel MD","94 West Main Street, Santaquin","(801) 754-3122","","","https://maps.google.com/?cid=15101611654992041810"
"Santaquin Medical Clinic: Hogenson Eric MD","94 West Main Street, Santaquin","(801) 754-3122","","","https://maps.google.com/?cid=5483352492480621967"
"Lytle Carter MD","94 West Main Street, Santaquin","(801) 754-3122","","","https://maps.google.com/?cid=5430928061553165289"
"Toñito Richard MD","94 West Main Street, Santaquin","(801) 754-3122","","","https://maps.google.com/?cid=2123645819365828884"
"Ludlow David MD","94 West Main Street, Santaquin","(801) 754-3122","","","https://maps.google.com/?cid=5026515009463917144"
"Santaquin Medical Clinic: Rose James MD","94 West Main Street, Santaquin","(801) 754-3122","","","https://maps.google.com/?cid=13302839697592457129"
"Walton Matthew DO","94 West Main Street, Santaquin","(801) 754-3122","","","https://maps.google.com/?cid=15098755458964930282"
"Santaquin Medical Clinic: Bennett John MD","94 West Main Street, Santaquin","(801) 754-3122","","","https://maps.google.com/?cid=11813446115270749850"
"Santaquin Medical Clinic: Taylor John MD","94 West Main Street, Santaquin","(801) 754-3122","","","https://maps.google.com/?cid=7230365703150206380"
"Mcbride Brayden MD","94 West Main Street, Santaquin","(801) 754-3122","","","https://maps.google.com/?cid=7807440301704745646"
"Santaquin Medical Clinic: Frandsen Tracy MD","94 West Main Street, Santaquin","(801) 754-3122","4","1","https://maps.google.com/?cid=307072805369245221"
"Santaquin Medical Clinic: Penrod Marc MD","94 West Main Street, Santaquin","(801) 754-3122","","","https://maps.google.com/?cid=9059773547687305877"
"Dr. Roman Y. Takasaki, MD","94 West Main Street, Santaquin","(801) 754-3122","5","1","https://maps.google.com/?cid=8899521009431639851"
"No Worries Flooring","415 W 1200 N St Ste. C, Orem","(801) 872-3391","3.8","20","https://maps.google.com/?cid=7129444387323767368"
"B Floored","1455 Center St, Orem","(801) 318-6410","5","7","https://maps.google.com/?cid=11645251818300305127"
"Mr Carpet","325 Mountain Way Dr, Orem","(801) 226-3653","4.7","30","https://maps.google.com/?cid=892894906575775069"
"Utah Flooring Outlet","1283 N University Ave, Provo","","","","https://maps.google.com/?cid=3646631771261696719"
"The Flooring Specialists, LLC.","331 4850 W #4, American Fork","(801) 368-8050","5","8","https://maps.google.com/?cid=15652655398595688417"
"Littlewood Flooring","6399 N Glenmar Way, Eagle Mountain","(435) 201-7848","4.6","57","https://maps.google.com/?cid=5457826597174602632"
"Dan´s Carpet","64 W 600 N, Springville","(801) 319-4551","5","6","https://maps.google.com/?cid=12378772502305191903"
"A-1 Inspection Services","1266 S 940 W St, Provo","(801) 377-0901","4.8","21","https://maps.google.com/?cid=9677387262796184416"
"Mount Home Inspections L.L.C","1459 N Sunset Dr, Spanish Fork","(385) 331-2946","5","3","https://maps.google.com/?cid=374169761499939203"
"Summit Home Inspections","947 Red Barn View Dr, Santaquin","(801) 897-1845","","","https://maps.google.com/?cid=4165086545132673884"
"Utah Best Roofing","976 Industrial Park Rd #6890, Orem","(385) 336-4504","4.8","123","https://maps.google.com/?cid=12400512336886526550"
"Wagner Brothers Roof Repair","530 S Commerce Dr #5800, Orem","(435) 334-4432","4.9","40","https://maps.google.com/?cid=15203374184646716023"
"Louis & Sons Roofers","883 S Orem Blvd #7820, Orem","","4.9","23","https://maps.google.com/?cid=13860371098449206410"
"NB Roofing and Exteriors","151 1750 N Building F, Orem","(385) 268-9435","4.6","37","https://maps.google.com/?cid=11238139502229006006"
"Revin Roofing, LLC","111 N 1200 W, Orem","(801) 405-3176","4.9","10","https://maps.google.com/?cid=8287338336280444463"
"MTM Roofing","525 S 850 E suite 5, Lehi","(435) 422-4167","4.4","83","https://maps.google.com/?cid=2134450218642381612"
"Lehi Roofing & Solar","580 N 300 W, Lehi","(801) 804-9036","4.5","30","https://maps.google.com/?cid=1840562697570698849"
"The Roofing Team LLC","958 Cinnamon Ridge Dr, Provo","(801) 824-2078","4.9","29","https://maps.google.com/?cid=9019582940520635580"
"Devin's Emergency Roofers LLC","271 N University Ave #7000, Provo","(385) 336-5021","4.8","61","https://maps.google.com/?cid=8289070564319848492"
"Layton Roofing Company Inc","14851 Heritage Crest Way # D, Riverton","(801) 495-3939","4.2","13","https://maps.google.com/?cid=16388588598692637578"
"Roofing","3400 N 1200 W, Lehi","","4.5","13","https://maps.google.com/?cid=17219428228823188845"
"Top Gun Roofing & Exteriors, LLC","2764 W 820 N, Provo","(801) 836-4801","5","16","https://maps.google.com/?cid=12455966991204437185"
"Allan Lowe Roofing","377 E 300 S, Springville","(801) 489-7718","4.6","5","https://maps.google.com/?cid=9282548626060919593"
"Dry Home Roofing Llc","1393 W 800 S, Orem","(801) 995-5707","5","1","https://maps.google.com/?cid=2970748312658493237"
"Eminence Roofing Services","2045 W Center St, Provo","(435) 244-0218","","","https://maps.google.com/?cid=3910832400456628413"
"Orem Roofing Contractors","107 State St, Orem","","4.5","15","https://maps.google.com/?cid=6977082597456851125"
"Tahome Construction","578 S Lake View Dr, Vineyard","(775) 297-1723","4.5","15","https://maps.google.com/?cid=3802487546242787505"
"Ayala's Roofing (AR Roofing)","140 S 400 E, Santaquin","(435) 314-9490","5","74","https://maps.google.com/?cid=11656663472127264971"
"Service Cowboys","27 W Main St #15, Santaquin","(435) 658-9618","","","https://maps.google.com/?cid=15817935659256247718"
"ProDry Water Damage Restoration Orem UT","753 N 1000 W St, Orem","(385) 486-9333","4.9","33","https://maps.google.com/?cid=12812509697525024743"
"Expert Water Damage Restoration Provo UT","506 US-89, Provo","(801) 659-0346","5","30","https://maps.google.com/?cid=10781157267255877957"
"Careful Water Damage Restoration Woodstock GA","962 W 1720 N, Orem","(385) 233-3519","5","2","https://maps.google.com/?cid=18370646635556400422"
"SafeAir 646 Mold Inspections","226 W 2230 N #275, Provo","(385) 246-0852","","","https://maps.google.com/?cid=16578343159826231444"
"ADO M&C","879 Orem Blvd Suite 4, Orem","(801) 224-3192","5","1","https://maps.google.com/?cid=12257017701446868758"
"EnviroSpec Mold Inspections","21 E 100 N #253, American Fork","(385) 246-0827","","","https://maps.google.com/?cid=11236229678271755882"
"Ironbound Water Damage & Restoration","2477 E Tumbleweed Rd, Eagle Mountain","(385) 417-6070","4.9","36","https://maps.google.com/?cid=12600353905199684124"
"Beyond Welding","1234, 1294 400 S, Orem","(801) 360-3032","3.7","3","https://maps.google.com/?cid=7806796678545430250"
"Big EMF Welding","500 W State St, Pleasant Grove","(801) 885-8878","5","1","https://maps.google.com/?cid=11353843048581268094"
"FAST LANE WELDING AND FABRICATION","465 N 1030 W, Lindon","(801) 319-4737","5","1","https://maps.google.com/?cid=11489141782806579452"
"Pro Fab & Welding","492 S 250 W, Pleasant Grove","(801) 785-0637","1","1","https://maps.google.com/?cid=17381318288538790349"
"Western welding and fabrication","2870 W Center St, Provo","","","","https://maps.google.com/?cid=17350246593815542636"
"Creer Sheet Metal Works","711 S University Ave, Provo","(801) 373-8956","4.4","19","https://maps.google.com/?cid=14207800903232973068"
"CJ Metal Fabrication","891 S 490 W Suit B, Pleasant Grove","(385) 312-9352","3.6","14","https://maps.google.com/?cid=17273311551765161708"
"Cobalt Fabricators","408 N 1030 W, Lindon","(801) 900-0301","","","https://maps.google.com/?cid=1836200915818130281"
"Timberwood Designs","735 S University Ave, Provo","(435) 840-1773","5","1","https://maps.google.com/?cid=5939574906027842558"
"GR Decorative Steel Inc.","1009 N 1200 W, Orem","(385) 219-6370","","","https://maps.google.com/?cid=127517848777361814"
"Cimtech Corporation","744 S 100 E, Provo","(801) 373-6813","5","3","https://maps.google.com/?cid=17876672250375334393"
"Precision Machine","31 N 100 W, American Fork","","5","3","https://maps.google.com/?cid=4843375968540940294"
"Machine Shop","939 W Center St, Lindon","(801) 785-3364","4","4","https://maps.google.com/?cid=957717628960010881"
"Orion Machining, Inc","345 W 700 S, Pleasant Grove","(801) 836-0857","3","2","https://maps.google.com/?cid=14693513245095987171"
"Wasatch Machine Inc","31 N 100 W, American Fork","(801) 380-1568","5","3","https://maps.google.com/?cid=14975907260565455819"
"Ken Furr Machining","507 Commerce Rd, Orem","(801) 225-3877","","","https://maps.google.com/?cid=16567558540477161606"
"JH & L","420 1200 W, Lindon","","5","4","https://maps.google.com/?cid=8939381544661885660"
"Blue Chip Machine Inc","485 Commerce Rd, Orem","(801) 226-3877","3","2","https://maps.google.com/?cid=9031080894998156309"
"Arrow Machine & Tool","1474 400 S, Orem","(801) 372-6576","","","https://maps.google.com/?cid=1469846762747034900"
"instalacion De Mofles Y Catalíticos","361 N Draper Ln, Provo","(801) 623-1168","4.6","27","https://maps.google.com/?cid=8498611580346724317"
"Neighborhood Vending Machine","1124 E 700 N, Provo","","5","4","https://maps.google.com/?cid=16040383632677979011"
"Delta Machinery","Orem","","","","https://maps.google.com/?cid=268654982521643305"
"Fleet Solutions","5017 N Edgewood Dr, Provo","(801) 471-3597","5","6","https://maps.google.com/?cid=13657931067901301915"
"Budget Sew & Vac","410 W Main St, American Fork","(801) 756-8158","4.9","76","https://maps.google.com/?cid=991742070939862729"
"Odin Motorworks","1200 Industrial Park Rd, Orem","(801) 358-5002","5","18","https://maps.google.com/?cid=1472498336676812374"
"Al & Mark's","1271 W State St, Pleasant Grove","(801) 785-4251","4.8","32","https://maps.google.com/?cid=3285886033891484562"
"Spark Lawn Mower Tune-ups","646 W 630 S St, Orem","(385) 429-2078","4.3","6","https://maps.google.com/?cid=13560595917247855492"
"CreativeSysNet","545 E University Pkwy #200, Orem","(385) 429-2761","4","4","https://maps.google.com/?cid=15362636203069202531"
"Tazz's Computer & Electronic Repair","170 S Pleasant Grove Blvd Apt 8102, Pleasant Grove","(385) 221-3793","1","1","https://maps.google.com/?cid=12251256839128401739"
"Randy & Sons Water Heaters","534 S Commerce Rd #2040, Orem","(385) 325-3902","4.7","82","https://maps.google.com/?cid=2030919350051244183"
"Express Plumbers Utah","725 N 200 E, American Fork","(801) 885-4143","3.7","6","https://maps.google.com/?cid=16022214375097786231"
"Charlys Diesel Road Service 24/7","1375 500 N TRLR 40, Provo","(801) 473-5591","5","1","https://maps.google.com/?cid=679916622199169430"
"GOOCH Automotive Diesel Offroad","1180 N Geneva Rd, Orem","(801) 224-2203","5","120","https://maps.google.com/?cid=18174732774187327454"
"Provo Mobile Truck Repair","1975 600 S, Provo","(801) 877-0570","5","2","https://maps.google.com/?cid=15792715255742536560"
"J R Mobile","870 E 375 N, Orem","(801) 420-0780","4.8","32","https://maps.google.com/?cid=8689628037517976881"
"Mobile Truck Services Provo","296 W University Pkwy, Orem","(385) 412-1043","5","4","https://maps.google.com/?cid=2129302233935250548"
"Stowers Construction LLC","742 400 N, Provo","(801) 662-9524","5","6","https://maps.google.com/?cid=11764150577947285420"
"Mc Neil Concrete Cutting","633 W 1600 N, Orem","(801) 224-8858","","","https://maps.google.com/?cid=8906800504492605882"
"Empire Concrete Polishing & Coatings","1298 W 1170 N St, Orem","(801) 310-1419","5","4","https://maps.google.com/?cid=3502228129988506128"
"ZBDECKING","242 N 70 W St, Vineyard","(801) 995-5739","5","69","https://maps.google.com/?cid=12525866594762975465"
"Sam Garage Doo'r Repair- Garage Spring & Opener Service","114100 E 1350 N, American Fork","(385) 298-1694","4.7","15","https://maps.google.com/?cid=11208245941097241742"
"ChipFix Mobile Rock Chip Repair","1229 N Murdock Dr, Pleasant Grove","(801) 592-5363","5","62","https://maps.google.com/?cid=6705664363489409828"
"Intermountain Farmers Association Hay Barn","562 N 900 W, American Fork","(801) 756-9604","4.1","17","https://maps.google.com/?cid=1294400047236482208"
"Shadow Mountain Ranch","2124 N 600 W, Pleasant Grove","(801) 885-7911","4.4","22","https://maps.google.com/?cid=13875539981614420986"
"Leaf and Hammer Services","101 E 600 N, Orem","(256) 535-7812","5","4","https://maps.google.com/?cid=9808804778789814361"
"Ace Of Sprays: Professional Sprinkler Repair","676 S Locust Ave, Pleasant Grove","(801) 899-3851","","","https://maps.google.com/?cid=14302249986390346540"
"Abby Grates","111 Geneva Rd, Orem","(801) 229-2288","","","https://maps.google.com/?cid=8587873380073750115"
"DH Heating and Air Conditioning","108 N 300 W, American Fork","(385) 233-6338","3.7","23","https://maps.google.com/?cid=173787832874641236"
"Fun in the sun rentals llc","844 N 100 W, Orem","(385) 368-4137","3.2","11","https://maps.google.com/?cid=8089538595767533316"
"ESP Excavation Inc","1607 500 E, American Fork","","5","10","https://maps.google.com/?cid=1417214802796553104"
"Scott Farrer Excavating","623 W 20 S, Lindon","(801) 796-7119","5","2","https://maps.google.com/?cid=13592211312986566827"
"Platinum Excavation LLC","40 379480 #111.798092, American Fork","(801) 301-3981","5","2","https://maps.google.com/?cid=540230424621575799"
"Dirt Cheap","891 S 490 W H, Pleasant Grove","(801) 448-6811","5","3","https://maps.google.com/?cid=600126147421630386"
"Mitchell Excavation Inc","1455 W 200 S St, Lindon","(801) 785-0774","3.7","21","https://maps.google.com/?cid=9925413091648888219"
"Katco Construction","935 W 1225 N, Provo","(385) 314-9316","5","14","https://maps.google.com/?cid=7151338078178102521"
"John Watson Excavation","455 S 100 W, American Fork","(801) 492-1873","5","1","https://maps.google.com/?cid=16855678825858059607"
"Iron Head Excavation, Llc","925 Mahogany Dr, Pleasant Grove","(801) 472-8121","3.2","5","https://maps.google.com/?cid=1771767905663533243"
"Elite Snow Removal","405 S 100 E, Pleasant Grove","(801) 769-0203","1","2","https://maps.google.com/?cid=7987893884674852267"
"Warner Lawncare & Property Maintenance","1349 S 500 E Unit 238, American Fork","(801) 404-4250","5","14","https://maps.google.com/?cid=7282533944998846084"
"Casper plastering","567 1200 W, Orem","(801) 318-3540","5","12","https://maps.google.com/?cid=1696952540161631219"
"Primo Stucco Repair","315 N Geneva Rd, Provo","(801) 427-8451","5","9","https://maps.google.com/?cid=4445842131294510670"
"Narciso's Construction Company Inc","1804 N 1120 W, Provo","(385) 227-5578","5","10","https://maps.google.com/?cid=6213302115463675873"
"Standard Masonry Supply","1540 Riverside Ave, Provo","(801) 373-9685","4.8","16","https://maps.google.com/?cid=15438268986476934772"
"Harper Tile","292 Heather Rd, Orem","(801) 722-8698","5","2","https://maps.google.com/?cid=11516069875405778567"
"Tiledge LLC","3763 N 1020 E St, Provo","(435) 709-1234","5","1","https://maps.google.com/?cid=3930714457366381439"
"Skyline Homes","330 100 W #329, Provo","(801) 787-2595","4.4","14","https://maps.google.com/?cid=12392681330323495736"
"Hinckley Eaves Construction","504 W 800 N, Orem","(801) 505-8807","5","1","https://maps.google.com/?cid=6226093218497556429"
"Acclaim Rain Gutter Systems","644 E 600 N, Orem","(801) 380-8840","5","23","https://maps.google.com/?cid=11624847604054062143"
"McNall Construction","9452 N 3830 W St, Cedar Hills","(801) 830-9977","5","30","https://maps.google.com/?cid=3089303389705681366"
"Specialty Finishes","25 N 1400 W, Lindon","(801) 785-6100","5","30","https://maps.google.com/?cid=6171688829742107674"
"Advanced Auto Upholstery","248 990 N, Orem","(801) 793-1619","4.9","53","https://maps.google.com/?cid=13035022348452720104"
"jc auto covers","70 S 300 E, American Fork","(801) 226-3590","5","56","https://maps.google.com/?cid=25275277961299336"
"Performance Tint","824 Automall Dr #3, American Fork","(801) 223-9418","4.9","129","https://maps.google.com/?cid=14280229765093816186"
"Autobahn Tints and Performance","53 N 2000 W St, Pleasant Grove","(801) 226-8468","5","45","https://maps.google.com/?cid=9522572448255209301"
"State Transmission Specialists","1196 S State St, Orem","(801) 224-4357","4.3","83","https://maps.google.com/?cid=14366284971849028486"
"Orem Transmissions Plus LLC","375 S State St, Orem","(385) 519-9348","4.1","61","https://maps.google.com/?cid=10364309405098356295"
"Greenwood Service Inc","202 E State St, American Fork","(801) 756-2851","4.8","225","https://maps.google.com/?cid=15307585010579072506"
"Rev It Racing","460 W 1600 N St, Orem","(385) 466-0864","4.8","106","https://maps.google.com/?cid=16835012731096230646"
"ZNL Towing","331 W 175 N St, American Fork","(385) 219-5898","4.6","216","https://maps.google.com/?cid=828954791699395379"
"Forge Trailers","100 S 200 E, Provo","(801) 427-7774","","","https://maps.google.com/?cid=12284690392613709824"
"Jamos Trailer Repair and Customization","704 W 1600 N St, Orem","(385) 539-3120","","","https://maps.google.com/?cid=13831728161363914315"
"Wilmington Mobile Truck & Trailer Repair","662 E 1700 S St, Orem","","","","https://maps.google.com/?cid=18336747408898639525"
"U & V Jewelry","612 N Freedom Blvd, Provo","(213) 627-1499","5","10","https://maps.google.com/?cid=13589742466544380998"
"Dalley Jewelry and Gifts","59 W Main St, American Fork","(801) 717-8822","3.7","25","https://maps.google.com/?cid=2714443190974516151"
"Kirks automotive repair","270 W 400 N St, American Fork","(801) 953-9570","5","77","https://maps.google.com/?cid=5642835390347545523"
"Antler Addiction Taxidermy","1299 N 250 W, American Fork","(801) 995-8871","4.3","14","https://maps.google.com/?cid=6737965096892298262"
"Skull Pros","994 Industrial Park Rd, Orem","(385) 227-4345","","","https://maps.google.com/?cid=243835595519187137"
"GC AUTO LLC","1006 Industrial Park Rd, Orem","(385) 225-7056","5","3","https://maps.google.com/?cid=15021067781315741250"
"American Fork Alterations","62 W Main St, American Fork","(801) 756-1981","3.8","104","https://maps.google.com/?cid=928362590145869662"
"Provo Alterations","35 300 N, Provo","(801) 607-2500","4.5","112","https://maps.google.com/?cid=16749653617942069514"
"Alteration Shop & Custom Sewing","216 E 800 S, Orem","(801) 375-9300","4.5","62","https://maps.google.com/?cid=7443329088751259351"
"Lito's Alterations","348 W Center St, Provo","(385) 223-8101","4.1","41","https://maps.google.com/?cid=12152391226692929267"
"Finish Tailor","327 E 1200 S #1, Orem","(801) 224-6368","4.6","38","https://maps.google.com/?cid=1128633370969417786"
"European Tailors","440 N University Ave # 101, Provo","(801) 375-0471","4.2","34","https://maps.google.com/?cid=5526573075861162543"
"ROMA","2239 S 325 W, Orem","","","","https://maps.google.com/?cid=10128431996058993256"
"Hollywood Suit","242 N University Ave, Provo","(385) 595-8796","5","531","https://maps.google.com/?cid=626660422911437315"
"Salon Pritchétt","226 E University Pkwy, Orem","(801) 701-1965","4.3","126","https://maps.google.com/?cid=13612419923641918258"
"University Crossing","386 E University Pkwy, Orem","","4.2","1159","https://maps.google.com/?cid=8311045997115050572"
"New Vision Signs & Embroidery LLC","845 N 100 W Suite 111, Orem","(801) 548-8720","5","4","https://maps.google.com/?cid=9314231300862764080"
"homescape solutions","1359 E 330 N St, Pleasant Grove","(385) 389-7217","5","1","https://maps.google.com/?cid=14093943030161002979"
"BMC Building Services, Inc","223 West Cougar Blvd #437, Provo","(801) 494-1056","5","1","https://maps.google.com/?cid=1523932943634358719"
"Simplex Cleaning Solutions","454 Commerce Rd, Orem","(801) 615-0174","3","2","https://maps.google.com/?cid=811130565974197859"
"Clean America Janitorial LLC","142 N 200 E, Provo","(385) 230-8414","","","https://maps.google.com/?cid=13223349819061545783"
"GALINDO'S OFFICE CLEANING","198 Ridge Rd, Orem","(801) 358-7061","5","1","https://maps.google.com/?cid=6990502880971520348"
"Clear Path Striping","1679 N 1740 W, Provo","","","","https://maps.google.com/?cid=6288550345447446986"
"Aaron's Striping","251 990 N, Orem","(801) 380-4440","1","2","https://maps.google.com/?cid=11106569899122988478"
"Aaron's Striping","267 S Mountain Lands Dr, Orem","(801) 380-4440","","","https://maps.google.com/?cid=14229076941423902456"
"Bright Window Washing Services","1128 Mahogany Ln, Pleasant Grove","(385) 392-7712","5","23","https://maps.google.com/?cid=3574356126838975594"
"Carter Family Porta Potty Rentals","2045 W Center St, Provo","(435) 244-0748","","","https://maps.google.com/?cid=16394309004609445186"
"Bear Porta Potty Rentals","577 N State St, Orem","(801) 306-5914","","","https://maps.google.com/?cid=13668593846666541603"
"Fire Extinguisher Services","1901 W 820 N #5th, Provo","(801) 374-6666","5","4","https://maps.google.com/?cid=1049886649685184854"
"My little home daycare","2390 W 200 N, Provo","(407) 963-5204","","","https://maps.google.com/?cid=4821923625476228178"
"ABC Kiddy World","1026 E 460 S St, Provo","(801) 373-7070","4.4","18","https://maps.google.com/?cid=3595637835758232854"
"R Kids Child Care Center Uvrmc","1041 N 500 W, Provo","(801) 357-7458","5","6","https://maps.google.com/?cid=523437173491104197"
"Smerdon Music Studios","58 S 360 W, Orem","(435) 612-0654","5","4","https://maps.google.com/?cid=11831617820973790495"
"Underwood Music Studio","N Mill Rd, Vineyard","","5","7","https://maps.google.com/?cid=15857980641593711899"
"Ramos Music","234 150 E, Orem","(801) 850-8547","5","1","https://maps.google.com/?cid=10453061912046845173"
"Jake Taylor's Music School - Guitar, Bass, and Ukulele Lessons","650 S State St, Orem","(385) 250-4310","5","5","https://maps.google.com/?cid=11504735335148137619"
"Diane Flaten’s Piano Lessons","205 Woodside Dr, Provo","(512) 579-1189","5","11","https://maps.google.com/?cid=9430818914497472741"
"Piano Lessons","147 E 250 S, American Fork","(801) 300-3200","5","11","https://maps.google.com/?cid=9748509204062326102"
"10th Planet Pleasant Grove","2436 W 700 S ste 120, Pleasant Grove","","","","https://maps.google.com/?cid=5499618589301116660"
"ONE TACTICAL LLC","1665 W 1050 N St, Provo","(801) 851-0105","","","https://maps.google.com/?cid=18231751483916230295"
"Combat Kung Fu","370 E 400 S St, American Fork","(801) 473-5623","5","5","https://maps.google.com/?cid=13656057277402008873"
"AMYS Summer Camps & AfterSchool Program","104 State St, Orem","(801) 432-0853","5","5","https://maps.google.com/?cid=18097633465116492254"
"ACT University","1960 N Canyon Rd, Provo","","","","https://maps.google.com/?cid=7218100730426250229"
"Everest Arts And Learning Center","179 E 30 N, American Fork","","4","4","https://maps.google.com/?cid=670440958672728319"
"Young Explorers","347 W Center St, Pleasant Grove","(801) 796-7722","3.8","6","https://maps.google.com/?cid=10842432434594325716"
"Missy Swim","474 W 1360 N, American Fork","","4.5","6","https://maps.google.com/?cid=4474058585314462119"
"The Bright Side Speech and Language Therapy","2275 Timpview Dr, Provo","(801) 735-1326","5","1","https://maps.google.com/?cid=10049569680352547052"
"Cecile L. Jacobson, OT","Provo","(801) 357-7540","","","https://maps.google.com/?cid=1738086852475509892"
"Djb Gas Services, Inc.","Pleasant Grove","","3.7","3","https://maps.google.com/?cid=15756727804252307160"
"All Right Welding Lc","875 N 940 E St, Lehi","(801) 768-9509","","","https://maps.google.com/?cid=13130020911161179186"
"Dynamic mobile welding llc","74 Ashgrove Ln, Saratoga Springs","(385) 625-7832","4.3","6","https://maps.google.com/?cid=6478058141904718708"
"Welding & Fencing INC","4844 Sage Park Dr, Eagle Mountain","(801) 505-3187","4.9","46","https://maps.google.com/?cid=7113400928137160417"
"Cedar Valley Auto & Welding","56 N 200 E, Fairfield","(801) 768-3052","5","49","https://maps.google.com/?cid=17377128354459263833"
"Square d welding llc","756 E 300 S, Springville","(385) 233-1526","5","5","https://maps.google.com/?cid=1048154382357746479"
"Doug's Welding","US-89, Springville","","5","2","https://maps.google.com/?cid=7195022021132583858"
"Opus Metalworks LLC","1371 W 650 S, Lehi","(760) 417-2802","5","1","https://maps.google.com/?cid=4402043993544405053"
"Route 66 Fabrication Shop","1088 S State St, Provo","","","","https://maps.google.com/?cid=16450581385576262146"
"Forge Fabrication","1444 S 500 E STE 350, American Fork","(385) 293-9481","","","https://maps.google.com/?cid=3106671704299583402"
"Nebby's Auto Lab","Appointment Only, Eagle Mountain","(385) 273-9980","5","5","https://maps.google.com/?cid=8851854267911129429"
"TY Steel LLC","1115 W 2900 N, Lehi","(801) 885-7173","5","1","https://maps.google.com/?cid=10564385943215410723"
"Extreme Fabrication & Repair Inc","1551 N State St, Lehi","(801) 857-4992","4","5","https://maps.google.com/?cid=660754220490505332"
"Bmc Fabrication & Erection","1375 200 E, Spanish Fork","(801) 798-9847","4.4","13","https://maps.google.com/?cid=11755861193932570748"
"Bar C Fabrication","1451 S 1700 W, Springville","(385) 241-5071","","","https://maps.google.com/?cid=11121912591191382533"
"FREETREE LLC","537 N 600 E, Springville","(385) 874-9525","","","https://maps.google.com/?cid=6913027020453900810"
"A&A Masonry and Repair","375 E 1000 N St, Pleasant Grove","(801) 669-4844","","","https://maps.google.com/?cid=1728164248769942892"
"Rix Guitar and Amp Repair","234 W 270 N, Orem","(801) 317-3107","4.9","343","https://maps.google.com/?cid=6759972284868317328"
"NovaTees","485 W 800 N St, Provo","(801) 318-1330","1","1","https://maps.google.com/?cid=10543472707229040618"
"Alpine Hydraulics","211 W Cooper Ave, Saratoga Springs","(801) 455-8566","","","https://maps.google.com/?cid=8483574984791986807"
"Eli’s Bike Repair","1094 Propeller Row, Saratoga Springs","(385) 567-5534","5","13","https://maps.google.com/?cid=2628795111530804536"
"Computer Medics of Utah County","28 N 100 E, Pleasant Grove","(801) 785-3097","3.5","2","https://maps.google.com/?cid=1733974248355490141"
"Maple Mountain Technologies","560 S 100 W St, Provo","(801) 877-5899","","","https://maps.google.com/?cid=11482141767752239223"
"New Tech Studios","123 N 1120 W #202, Pleasant Grove","(801) 437-1027","","","https://maps.google.com/?cid=10272555150077616665"
"Orem HVAC Contractors","530 Commerce Rd, Orem","(801) 435-7597","4.7","21","https://maps.google.com/?cid=1096027325438104736"
"Blue Ox Services Mobile RV & Diesel Repair","1036 W 530 S, American Fork","(385) 476-1380","5","5","https://maps.google.com/?cid=4637502770988631662"
"Red Deer Construction","439 Industrial Rd, Pleasant Grove","(801) 368-7945","4.6","9","https://maps.google.com/?cid=406009489414729090"
"Alta Drywall & Concrete","504 W 800 N, Orem","(435) 776-6726","4.6","10","https://maps.google.com/?cid=7643298716844482772"
"Patch-N-Match Drywall","587 E 100 S, Pleasant Grove","(801) 785-3080","5","2","https://maps.google.com/?cid=15468277559398548901"
"American Fork Insulation AtticPro Contractor and Provo","831 E 340 S, American Fork","(801) 492-3600","","","https://maps.google.com/?cid=1910058007457293223"
"Cool Image Tinting INC","142 w Kestrel Dr, Saratoga Springs","(435) 841-7833","3.7","22","https://maps.google.com/?cid=12584952237719840532"
"J&K's Transmission Clinic","855 S University Ave, Provo","(801) 375-3222","4.5","101","https://maps.google.com/?cid=11791471984847791601"
"Ryan’s Diamonds","1200 Towne Centre Blvd, Provo","(801) 960-9328","4.6","156","https://maps.google.com/?cid=11452693633463255305"
"Offrets Taxidermy","672 W 1280 S, Provo","(801) 836-6959","5","11","https://maps.google.com/?cid=7569911826876796548"
"B & C Property Maintenance","271 Kestrel Dr, Saratoga Springs","(602) 303-6210","5","2","https://maps.google.com/?cid=17171517424857538412"
"Silk and Steel Guitar","3503 S Harrier Dr, Saratoga Springs","(435) 231-1353","5","2","https://maps.google.com/?cid=11072958510801585355"
"Jordan Saltmarsh Drums","650 S State St, Orem","(801) 380-7996","5","8","https://maps.google.com/?cid=14945655194889211243"
"Startup School Bus","597 S Pleasant Grove Blvd Suite 5, Pleasant Grove","(801) 380-5553","","","https://maps.google.com/?cid=14307446183705083829"
"TWP ""Two Wheels Plus"" LLC.","1088 S State St # 34, Provo","(801) 404-3691","4.9","131","https://maps.google.com/?cid=18404932851127739192"
"Hills Auto Service","1080 E State St, Lehi","(801) 893-2166","5","134","https://maps.google.com/?cid=1238572389085977619"
"QuickFix Mobile Windshield Repair & Replace, LLC","Lehi","(385) 368-7798","5","907","https://maps.google.com/?cid=8337350910770676077"
"Kyles horseshoeing and farrier of Lehi","440 W 300 S St, Lehi","(801) 361-5377","","","https://maps.google.com/?cid=3066773950744352043"
"B and D Pump INC.","50 N 100 W, American Fork","(801) 372-6779","5","1","https://maps.google.com/?cid=1630431480216295769"
"Rocky Mountain Siding","655 Sunset Fields Cir, Lehi","(801) 830-8151","5","18","https://maps.google.com/?cid=5542512282865239652"
"Colorful Painting Utah LLC","1056 S 1000 E, Provo","(801) 376-6343","4.8","5","https://maps.google.com/?cid=4995210071218159176"
"West Bros Window Tinting LLC","89 1330 W, Orem","","","","https://maps.google.com/?cid=16445693558317032165"
"The Tint Garage","1080 State St, Orem","(760) 900-1310","","","https://maps.google.com/?cid=558944477189145332"
"Summit Tint","178 S 880 E, American Fork","(385) 985-3655","","","https://maps.google.com/?cid=5035618156010005314"
"SH4D3S","2528 W 370 N St, Provo","(801) 979-4675","5","4","https://maps.google.com/?cid=8922768645809259956"
"Gaylon's Drivelines & Exhaust","544 E State St, Lehi","(801) 768-3171","4.9","260","https://maps.google.com/?cid=11961600720284270140"
"K & S Automotive","20 N 500 W, Lehi","(801) 768-0703","4.7","196","https://maps.google.com/?cid=15923282938112076125"
"Japanese Motor","295 W 200 S St, Pleasant Grove","(801) 373-2121","","","https://maps.google.com/?cid=3866552317526570838"
"Top Notch Trailer Repair","687 E State St, Lehi","(801) 766-9561","5","19","https://maps.google.com/?cid=3736810533029460121"
"In The Cut Taxidermy","463 W Lehi Ranch Rd, Lehi","(801) 380-8574","5","6","https://maps.google.com/?cid=18149314371376606473"
"Cari Harris's Daycare","69 N 300 W, Lehi","(801) 830-5772","5","29","https://maps.google.com/?cid=5128097559872644940"
"Garcia Music Studio - Harp Lessons","607 N 1300 W, Lehi","(208) 572-0012","5","8","https://maps.google.com/?cid=17760872554912856662"
"Shin Budo Kai Jujitsu","931 E 675 S, Lehi","(801) 382-8067","5","2","https://maps.google.com/?cid=12623410375580665174"
"Center Stage Performing Arts Preschool Kindergarten","585 1200 W, Orem","(801) 362-4047","5","1","https://maps.google.com/?cid=11062919676489565948"
"Karate","Provo","","","","https://maps.google.com/?cid=18305501674423942864"
"Reiki Master Martial Arts","466 N State St, Orem","","","","https://maps.google.com/?cid=15798528629667270997"
"Chrissy's Math Tutoring","750 S Loader Ave, Pleasant Grove","(801) 425-5641","5","6","https://maps.google.com/?cid=10341140677931197112"
"Horizon Outpatient Rehab","11 E 200 N St #101, Orem","(801) 374-1706","5","1","https://maps.google.com/?cid=14453626530795993398"
"Ramen Saturday Automotive","815 E 1000 N St, Pleasant Grove","(385) 483-8562","5","7","https://maps.google.com/?cid=3754554737395746638"
"El Dorado Fashion Multiservicos","542 S State St, Orem","(801) 224-7293","4","46","https://maps.google.com/?cid=11610934372978192588"
"PRTC Performance Products","430 E 1130 S, Provo","(801) 373-9608","3.4","68","https://maps.google.com/?cid=15341419900540491597"
"Bob's Auto Body & Paint","1444 S State St, Provo","(435) 287-7114","5","11","https://maps.google.com/?cid=7031583015765048481"
"OR Lawncare & Janitorial Services L.L.C.","869 S 950 W, Provo","(801) 897-8743","","","https://maps.google.com/?cid=9367031077396335091"
"Ryan D. Mcgiven, OT","Provo","(801) 357-7540","","","https://maps.google.com/?cid=1415476739928380006"
"Machine Specialties Inc","170 S 1200 E, Lehi","(801) 407-3056","4","1","https://maps.google.com/?cid=8208959547181718411"
"Tarkus Tile Inc","1085 E 900 N, Lehi","(801) 310-1516","5","11","https://maps.google.com/?cid=6096446858782056277"
"1-stopautobody","566 S 1325 W St, Orem","(602) 684-3685","3.4","5","https://maps.google.com/?cid=16408887776403314359"
"Countryside Cleaners","10919 Alpine Hwy, Highland","(801) 763-8765","4.1","25","https://maps.google.com/?cid=17957919944780171392"
"Alderwood Piano","1627 W 430 N, Lindon","(303) 523-1346","5","1","https://maps.google.com/?cid=11180200834113441024"
"Aria Vocal Studio","5719 W 10100 N, Highland","(661) 862-9559","5","4","https://maps.google.com/?cid=7519849491064869624"
"Aria Vocal Studio","6329 W 10830 N St, Highland","(801) 717-5581","5","1","https://maps.google.com/?cid=7504245744777000798"
"Karina Todd Cello Studio","2282 N 1050 W, Pleasant Grove","(801) 368-5789","","","https://maps.google.com/?cid=15996987469702734395"
"Wasatch Classical Guitar","390 S 350 E, Orem","(801) 815-5041","4.8","5","https://maps.google.com/?cid=12408196644015312290"
"Clover Speech Therapy","9877 Oxford Ct, Highland","(208) 869-5209","","","https://maps.google.com/?cid=1490244216708877523"
"Complete RV Solutions","844 W Rattler Rd, Saratoga Springs","(801) 960-0841","5","4","https://maps.google.com/?cid=15162496572629671963"
"Deep See Glass","74 E Anchor Way, Saratoga Springs","(801) 709-8271","5","3","https://maps.google.com/?cid=10769807451073765181"
"Eagle Mountain Peak","N Lake Mountain Comm Rd, Saratoga Springs","","5","2","https://maps.google.com/?cid=4195486307309603377"
"Kstone & Tile","138 W Honeysuckle Dr, Saratoga Springs","(801) 427-2745","4","1","https://maps.google.com/?cid=10600090664205789917"
"chriss painting service & Chimney repair inspection","3821 E Rock Creek Rd, Eagle Mountain","(801) 640-3433","5","3","https://maps.google.com/?cid=16514776068138709182"
"Gutter Helmet Pros","1907 S Centennial Blvd, Saratoga Springs","(385) 352-3408","5","1","https://maps.google.com/?cid=9369183453305208065"
"Bulletproof Services","2022 Bridle Cir, Saratoga Springs","(385) 437-0458","5","5","https://maps.google.com/?cid=15421541438477962326"
"H.A.T. property detail LLC","9303 Hawk Ln, Eagle Mountain","(385) 292-2233","5","2","https://maps.google.com/?cid=14087392252201596313"
"Diny’s Munchkins Bilingual Daycare","1434 W Russo Dr, Saratoga Springs","(801) 347-8896","5","3","https://maps.google.com/?cid=15433689769346634433"
"FortePiano Music Studio","3796 E Rose Hearty Ln, Eagle Mountain","(385) 251-4313","5","21","https://maps.google.com/?cid=6232414242255527406"
"Varner Piano studio and School of Music","3565 Braxton Dr, Eagle Mountain","(801) 921-3649","5","12","https://maps.google.com/?cid=8635058755275093924"
"Guitar and Bass Lessons with Bruce W","827 Saratoga Dr, Saratoga Springs","(801) 634-2217","","","https://maps.google.com/?cid=12154414155861974601"
"Accel Piano Lessons","9051 N Clubhouse Ln, Eagle Mountain","(385) 253-3102","5","1","https://maps.google.com/?cid=12463871515520133501"
"Warren Music Studio","3371 E Ridge Rte Rd, Eagle Mountain","(801) 592-7850","","","https://maps.google.com/?cid=17884353836116541710"
"Scattered Genius Resources","9022 Mount Airey Dr, Eagle Mountain","(801) 610-9778","5","1","https://maps.google.com/?cid=16240664633151569361"
"Discovery Academy Learning","57 E Brushy Canyon St, Saratoga Springs","(435) 374-9373","5","2","https://maps.google.com/?cid=4878609457365941937"
"Little Smiles Childcare","7904 N Red River Dr, Eagle Mountain","(801) 616-9495","5","1","https://maps.google.com/?cid=12075116195037823216"
"Paige & Garrett's House","2337 S Long Dr, Saratoga Springs","","3","2","https://maps.google.com/?cid=7404683407838019324"
"Casita de Sueños Daycare","7483 Silver Crk Wy, Eagle Mountain","(435) 232-3411","","","https://maps.google.com/?cid=16997885460464892217"
"Hansen Home Speech","8981 N Skye Loop, Eagle Mountain","(661) 904-8811","5","9","https://maps.google.com/?cid=13961294414203669066"
"Harwood Metal Fab","2373 E Hawk Ln, Eagle Mountain","(801) 636-7777","","","https://maps.google.com/?cid=12421004062276178750"
"Open Loop Energy, Inc.","590370110, Cedar Fort","","","","https://maps.google.com/?cid=12719576202053250406"
"The Small Engine Guy","3260 E Wheat Fld Ln, Eagle Mountain","(801) 318-0049","5","75","https://maps.google.com/?cid=16713214019925850864"
"Brooks Equipment Repair LLC","2333 16000 W, Eagle Mountain","(801) 837-5962","","","https://maps.google.com/?cid=390722436735735600"
"Accent Mac & PC","789 N 3820 W, Lehi","(480) 440-3113","5","1","https://maps.google.com/?cid=13255849885791652215"
"AM Full Diesel Service & Tires LLC","N 1750 W, Lehi","(385) 296-7107","5","2","https://maps.google.com/?cid=11551234281876507852"
"Built By Buddy Diesel And Auto","3697 N Nathan St, Eagle Mountain","(801) 602-7386","5","11","https://maps.google.com/?cid=12371435356334069357"
"Rob's Mobile Auto and Diesel Repair","1278 Commerce Dr, Saratoga Springs","(385) 888-1339","4.1","26","https://maps.google.com/?cid=2812253684186377399"
"Wholesale Vinyl Fence","6354 Davis Knolls Dr, Eagle Mountain","(801) 842-1886","4.7","15","https://maps.google.com/?cid=14379297032536010410"
"SPRING INTO ACTION","7398 N Golden Mdw Xing, Eagle Mountain","(801) 471-3861","5","7","https://maps.google.com/?cid=12471677710502042573"
"Wagner Garage Doors","1625 900 N, Lehi","(801) 796-7000","4.9","173","https://maps.google.com/?cid=10554065089875538230"
"EXACT GARAGE DOORS","857 Mustang Cir, Saratoga Springs","(801) 380-9234","5","1","https://maps.google.com/?cid=4893799220440316042"
"Silver Springs Stables","11112 W 8570 N, Saratoga Springs","(801) 502-3952","4.5","43","https://maps.google.com/?cid=9879809586646595410"
"Cedar Valley Stables","2333 16000 W, Eagle Mountain","","4.7","3","https://maps.google.com/?cid=9868310645265314170"
"Horse-n-Pooch Opportunities","9152 W 9600 N, Lehi","(801) 367-2591","5","4","https://maps.google.com/?cid=15968023864602081278"
"SilverShoe Farms","9776 N 10400 W, Lehi","","4.7","6","https://maps.google.com/?cid=10779634148807121439"
"B4L Automotive Mobile Mechanic","4211 Pony Express Parkway STE 130-107, Eagle Mountain","(385) 212-5937","5","60","https://maps.google.com/?cid=1623031482479154581"
"Excavation Kings Llc","4114 NE Pinion Cir, Eagle Mountain","(435) 327-0536","4.2","5","https://maps.google.com/?cid=12809975675358238470"
"Tile Installation Experts","1964 Revere Way, Eagle Mountain","(801) 695-4658","","","https://maps.google.com/?cid=2044947139501994630"
"Keith Painting service & Chimney repair","1287 N 1700 W, Lehi","(385) 455-0830","3.9","9","https://maps.google.com/?cid=7752409312192045508"
"Tint Express","1548 E Sabie Mountain Rd, Eagle Mountain","(801) 430-3110","5","30","https://maps.google.com/?cid=4684621894971662181"
"Windshield King LLC","937 Russell Rd, Eagle Mountain","(801) 837-4330","4.8","9","https://maps.google.com/?cid=3048149478347611393"
"Arete Motors","4937 N Brandon Park Dr, Eagle Mountain","(801) 792-4668","4.8","22","https://maps.google.com/?cid=539851503582477441"
"Hanco services llc","4787 N Cliffrose Dr, Eagle Mountain","(801) 440-9502","5","5","https://maps.google.com/?cid=12679760507710474649"
"Amare Fine Jewelery","4683 Ibapah St, Eagle Mountain","","5","5","https://maps.google.com/?cid=14718267673243034075"
"Eagle Mountain Alterations","1799 E West Pinion Cir, Eagle Mountain","(385) 287-9463","4.4","5","https://maps.google.com/?cid=7847988605694102894"
"ManMade","2912 Executive Pkwy, Lehi","(801) 885-0988","5","1","https://maps.google.com/?cid=1712310186330337108"
"Mashburn Studios","1848 American Way unit 8, Eagle Mountain","","5","1","https://maps.google.com/?cid=16307295205840115219"
"Shine In","119 W Spring Hill Way, Saratoga Springs","(385) 500-6195","4.7","39","https://maps.google.com/?cid=7732933654344072947"
"LuxLine Seal & Stripe Parking Lot Striping and Sealcoating","1006 E Antelope Dr, Eagle Mountain","(385) 549-5987","5","5","https://maps.google.com/?cid=4565156249205124423"
"Junk Away","9646 Sunset Dr, Eagle Mountain","(801) 509-2246","5","2","https://maps.google.com/?cid=133657450032036277"
"Access Porta Potty Rentals","1805 American Way, Eagle Mountain","(801) 306-5917","","","https://maps.google.com/?cid=167705066680499675"
"The Hangar Daycare","4595 Osprey Way, Eagle Mountain","(801) 800-9245","5","49","https://maps.google.com/?cid=1976975284725841382"
"Daycare in Eagle Mountain Happy Face Eagle Mountain City","1193 Coachline Wy, Eagle Mountain","(801) 651-4379","5","10","https://maps.google.com/?cid=13611503271196503212"
"Whimsy Daycare","Big Horn Dr, Lehi","(901) 267-2445","5","5","https://maps.google.com/?cid=13162707772040358584"
"Snuggles Little Daycare","1863 Chukar Dr, Eagle Mountain","(385) 457-4805","","","https://maps.google.com/?cid=348385725619566758"
"Parkside Learners Preschool","4062 E Gazelle Run, Eagle Mountain","(385) 201-7729","5","2","https://maps.google.com/?cid=5054429074440078290"
"Drum Lessons and Recording","3637 W 1700 N, Lehi","(208) 417-4852","5","12","https://maps.google.com/?cid=15561330181321746711"
"Polly’s Harp and Piano Studio","3812 W Lucerne Wy, Lehi","(385) 482-6843","","","https://maps.google.com/?cid=13663134103907170923"
"Guitar Lessons with Scott Nelson","453 S Fox Chase Ln, Saratoga Springs","(801) 970-0167","","","https://maps.google.com/?cid=7149490485022275469"
"Born Warriors Martial Arts","7656 N Secretariat Rd, Eagle Mountain","(801) 200-5536","5","1","https://maps.google.com/?cid=4948188714117178982"
"Little Darlin Daycare","1863 N 1935 W, Lehi","(801) 369-6431","5","1","https://maps.google.com/?cid=10940903005472229793"
"Beehive Kids Daycare","556 E Delano Peak Rd Unit B, Eagle Mountain","(801) 871-5151","5","4","https://maps.google.com/?cid=169788835440638972"
"Sounds day school","1866 E Church Way, Eagle Mountain","(801) 814-5751","","","https://maps.google.com/?cid=15103695484988734331"
"Four Elements Childcare","1763 Goldenrod Way W, Saratoga Springs","","","","https://maps.google.com/?cid=4590172336148144048"
"MIss Mary's Preschool","3434 W 2600 N, Lehi","","","","https://maps.google.com/?cid=4789966058592476717"
"Brighter Beginnings Preschool (Miss Crystal)","7662 Silver Ranch Rd, Eagle Mountain","","5","1","https://maps.google.com/?cid=13207860823636856785"
"Little Flounders Swim School","1333 Pamela St, Eagle Mountain","(801) 783-7339","","","https://maps.google.com/?cid=4267878858761368135"
"Harmony Riding","1023 W 1200 N, Saratoga Springs","(385) 216-9819","5","1","https://maps.google.com/?cid=1045261564838558294"
"Nelson Speech Therapy","2659 N Elm Dr, Lehi","","5","2","https://maps.google.com/?cid=238077917884837506"
"Redline Engine & Machine","1550 N State St b, Lehi","(385) 287-7637","5","39","https://maps.google.com/?cid=16047984389184275520"
"FabSource Machine Shop","3116 Vera Ln, Bluffdale","(801) 253-9007","","","https://maps.google.com/?cid=9044340760392091877"
"CQB Small Engine Repair","3267 Bartons Ln, Bluffdale","","","","https://maps.google.com/?cid=14921397900694712424"
"MM Repair","2650 N 600 E St, Lehi","(801) 376-4829","4.9","52","https://maps.google.com/?cid=9381275575773761742"
"Uinta Electronics","3462 W New Land Loop, Lehi","(801) 251-6505","5","46","https://maps.google.com/?cid=5758037016697701717"
"Strictly Water Heaters","2477 N Damie Ln, Lehi","(801) 698-3753","5","1","https://maps.google.com/?cid=4332736015782994709"
"Scott Hay Llc","15541 S Redwood Rd, Bluffdale","(801) 598-7827","5","19","https://maps.google.com/?cid=4487463704248746687"
"Hay Cubes","Bluffdale","","4.5","2","https://maps.google.com/?cid=17963261922411945956"
"Stevenson Well Service, Inc.","2220 W Hwy 40, B, Roosevelt","(801) 885-3221","","","https://maps.google.com/?cid=7715752775028565197"
"Excavating Contractors","13894 S Bangerter Pkwy Ste 200, Draper","(801) 251-1110","5","1","https://maps.google.com/?cid=12399800788087123938"
"Sterling Don Excavtion","200 E 100 S, Alpine","","4.3","6","https://maps.google.com/?cid=14454953112118436735"
"Kelly's Excavating","1003 W 14600 S, Riverton","(801) 280-2256","2.6","12","https://maps.google.com/?cid=2069705803152689887"
"Kimball Property Maintenance","579 W 14600 S #200, Bluffdale","(801) 571-3351","3.5","30","https://maps.google.com/?cid=11016996501895351263"
"UNIQUE GENERAL CONTRACTOR","3450 Triumph Blvd Suite #102, Lehi","(801) 550-6045","5","13","https://maps.google.com/?cid=10585301058682370670"
"Mountain West Waterproofing","14775 2700 W, Riverton","(801) 253-9189","5","1","https://maps.google.com/?cid=16073477670755048139"
"BlackTip Co.","796 W 500 S St, Lehi","(801) 875-1388","5","2","https://maps.google.com/?cid=5511872417637376667"
"Epic Graphics &Tint","14851S Heritage Crest Way Suite C, Bluffdale","(801) 574-8716","5","12","https://maps.google.com/?cid=13047796212280772423"
"Monster Dent Removal","4958 Lara Wood Ln, Herriman","(801) 647-1505","4.9","31","https://maps.google.com/?cid=16848029038192755703"
"On-Site Trailer Service","#0, Lehi","(801) 960-3293","","","https://maps.google.com/?cid=1347387921683793307"
"Lone Peak Taxidermy","370 W 2100 N, Lehi","(801) 623-0541","1","2","https://maps.google.com/?cid=6841294797541725884"
"Angelica M.M Designs","958 Tiffany Dale Way, Bluffdale","(385) 227-9958","","","https://maps.google.com/?cid=4169329689518757978"
"Best Janitorial","112 W 13800 S STE 1, Draper","(801) 649-6284","3","2","https://maps.google.com/?cid=2898264110615653779"
"Team2Clean","989 W Mckenna Rd, Bluffdale","(435) 277-0054","","","https://maps.google.com/?cid=2993887138447885785"
"Alpine Fire Protection Inc.","2263 Wanless Way, Riverton","","5","1","https://maps.google.com/?cid=2651807264818954705"
"Cari's Daycare","Approximate address) Basement, State St, Lehi","(801) 361-0955","5","14","https://maps.google.com/?cid=12399202775845621095"
"In The Field Child Care","802 Canyon Breeze Ln, Draper","(801) 503-8373","5","9","https://maps.google.com/?cid=15129612429663356650"
"Lee's Academy of Music","2901 Bluegrass Blvd Suite 200, Lehi","(435) 246-2921","5","1","https://maps.google.com/?cid=11635809693833428608"
"Music & Motion","270 Fort Creek Dr, Alpine","(801) 319-1250","5","1","https://maps.google.com/?cid=18353361933330298788"
"Speedy Beers Lessons","722 Horizon Dr, Lehi","(801) 558-7094","5","4","https://maps.google.com/?cid=17981637884717999517"
"KIME DOJO UTAH","4464 Mountain Run Ln, Herriman","","4.2","5","https://maps.google.com/?cid=6700831584294000889"
"My Little World Day Care","4373 W Autumn Path Ct, Herriman","(801) 637-8646","5","3","https://maps.google.com/?cid=11241238536183016391"
"Learn & Play ChildCare, LLC","4414 Bartlett Dr, Herriman","(385) 246-3226","","","https://maps.google.com/?cid=9492992694890116864"
"New Horizons Day Care Inc","2021 N Hidden Creek Dr, Lehi","(801) 768-1394","4.7","23","https://maps.google.com/?cid=17054882778937495588"
"Reach for success","4125 N 3250 W apt 2 k, Lehi","(716) 659-6361","","","https://maps.google.com/?cid=508773611569688272"
"Draper Daycare","15077 Manilla Dr, Draper","(801) 550-9506","","","https://maps.google.com/?cid=13906246391486696410"
"Moir Swim School","2819 N 400 E St, Lehi","(801) 979-8255","","","https://maps.google.com/?cid=6692614246235814267"
"Cowdell Performance Horses","1175 W 1220 N St, Lehi","(801) 597-2839","5","1","https://maps.google.com/?cid=902704482747302142"
"Advanced Metal Products","414 River Meadow Dr, Alpine","(801) 763-8262","","","https://maps.google.com/?cid=580116507113749151"
"Rock N Horse Stables","453 Healey Blvd, Alpine","(801) 709-1653","","","https://maps.google.com/?cid=16769598458597154407"
"European Parts & Services","880 N Geneva Rd, Orem","(801) 225-6009","4.3","14","https://maps.google.com/?cid=1326089743502888326"
"Quattro Grafx","10939 Alpine Hwy, Highland","(801) 756-8080","","","https://maps.google.com/?cid=15001997732065506370"
"Maya’s","9988 Mulberry Dr, Cedar Hills","","","","https://maps.google.com/?cid=10354175594464289247"
"Ferrari Fence Company LLC","987 E 13800 S, Draper","(801) 857-4365","","","https://maps.google.com/?cid=2718037826429102662"
"Marsh & Barb - Mobile RV Repair","11619 Nicklaus Rd, Sandy","(801) 634-3115","5","8","https://maps.google.com/?cid=1193358754350313316"
"Glass Werkz Inc","11662 Willow Wood Dr, Draper","(801) 541-5969","5","1","https://maps.google.com/?cid=9739964450633171583"
"K C Butcher Painting services & Chimney cleaning and repair service Ltd","11351 S 1000 E, Sandy","(801) 669-8430","2.3","4","https://maps.google.com/?cid=10333802451328851574"
"GOLD COIN JEWELRY","12229 900 E, Draper","","","","https://maps.google.com/?cid=2621797305470881221"
"Shannon's Music Lessons","216 2280 N, Lehi","(435) 881-8175","","","https://maps.google.com/?cid=4179537638555118508"
"Rachel Mecham Music Studio","115 E Center St, Alpine","(801) 380-5058","","","https://maps.google.com/?cid=10229443128969138110"
"Sweet Pea Child Care","11306 Sandy Creek Dr, Sandy","(801) 571-5330","5","13","https://maps.google.com/?cid=3894562710021107010"
"Fewkes & Son Machine Co","599 W 1600 S, Springville","(801) 489-8573","","","https://maps.google.com/?cid=1039960677049324858"
"Elite Equipment Manufacturing Company","715 N Main St, Springville","(801) 636-5231","","","https://maps.google.com/?cid=9163503445242432336"
"Novatek","2185 Tracy Hall Pkwy, Provo","(385) 345-4600","4.5","2","https://maps.google.com/?cid=10951592395364651627"
"Clm Small Engine Repair","674 S 525 W, Springville","(801) 227-9136","5","9","https://maps.google.com/?cid=8036180237776944870"
"FIX IT - SMALL ENGINE REPAIR","392 W Center St, Springville","(385) 985-3447","5","9","https://maps.google.com/?cid=8217878883313138177"
"AM full diesel service tires LLC","N 1750 W, Springville","(385) 296-7107","5","1","https://maps.google.com/?cid=13540629947796061483"
"J R's Repair","1950 N 200 E, Spanish Fork","(801) 798-3204","4.7","21","https://maps.google.com/?cid=13250881544599776383"
"Hutchison Diesel Performance","1796 N 200 E, Spanish Fork","(801) 362-0906","5","8","https://maps.google.com/?cid=17579781882415086164"
"Demon Diesel","2050 UT-51, Springville","(801) 491-0265","4.5","48","https://maps.google.com/?cid=12249867308210704882"
"Universal Concrete","5733 S 4800 W, Spanish Fork","(801) 598-3096","3.7","3","https://maps.google.com/?cid=14592210019398829197"
"Utah Valley Rock Chip Repair","1535 N 150 E St, Springville","(801) 332-9462","5","42","https://maps.google.com/?cid=498894030062694264"
"Thunder Rose Ranch","1192 W 5000 South Rd, Spanish Fork","(801) 830-3849","5","7","https://maps.google.com/?cid=2604372861084453345"
"Johnson Drilling Co","136 W Center St, Springville","(801) 885-1456","5","1","https://maps.google.com/?cid=938581394023979597"
"Craypo Lawn & Yard","Provo","(801) 427-3479","5","4","https://maps.google.com/?cid=17070037867139474491"
"Fullmer Excavation","746 E 1910 S Suite 1, Provo","(801) 623-8389","4","20","https://maps.google.com/?cid=2941128308728750004"
"MTN Valley Excavation","5692 S 4800 W, Spanish Fork","(801) 360-3300","","","https://maps.google.com/?cid=16248874651819551607"
"Craftworx Upholstery","2412 W Hancock St, Mapleton","(801) 836-2572","4.8","6","https://maps.google.com/?cid=1729294935236300796"
"Phil Hansen Upholstering","2325 S State St, Springville","(801) 489-9774","4.5","19","https://maps.google.com/?cid=16171517534046326633"
"GR Autobody And Paint","266w W 1400 N, Spanish Fork","","4.8","20","https://maps.google.com/?cid=11001947073509466214"
"Twisted off road and automotive","238 W 1400 N, Spanish Fork","(385) 448-4323","5","44","https://maps.google.com/?cid=9466313514733786953"
"Conway truck & Trailer LTD Company /Dark Horizon Roadside Repair","40°09'44, 8 N 111°39'12.0""W, Springville","(801) 336-6678","5","8","https://maps.google.com/?cid=9289215683591099230"
"Utah MicroSoldering","995 E Center St APT 18, Provo","(801) 604-0904","5","23","https://maps.google.com/?cid=9132974896126996273"
"ASA Appliance and Refrigeration","480 W Center St, Provo","(801) 377-3197","4.1","92","https://maps.google.com/?cid=14342514747575725559"
"White Faux Taxidermy","105 State St #409, Orem","","","","https://maps.google.com/?cid=7320274822377786295"
"Allen Drive-In Cleaners","355 S Main St, Springville","(801) 489-6441","4.3","34","https://maps.google.com/?cid=13538965859388368022"
"Intermountain Fire Systems","5768 S 650 W, Spanish Fork","(801) 798-2350","5","5","https://maps.google.com/?cid=8198379481054347704"
"We Care Childcare","1081 1550 S, Springville","(801) 358-9497","5","2","https://maps.google.com/?cid=15963204240961652725"
"Harmony Education Services LLC","85 E Bay Blvd, Provo","(801) 373-9888","","","https://maps.google.com/?cid=6312024908706219853"
"Rebekah's Child Care","1263 S 950 W, Springville","","5","1","https://maps.google.com/?cid=2261717168435511274"
"FMG Industrial and Small Engines","1020 E 300 N, Springville","(385) 307-7179","5","7","https://maps.google.com/?cid=14661145218548475839"
"Provo Irrigation & Storm Drain","1377 S 350 E, Provo","(801) 852-6780","","","https://maps.google.com/?cid=1737708388033734871"
"Action Wolf Exteriors LLC","350 N Draper Ln, Provo","(801) 687-3239","4.7","7","https://maps.google.com/?cid=17776819811426158167"
"Cameron Crane Service","458 N 940 W, Orem","(801) 787-1661","5","61","https://maps.google.com/?cid=12053397626662908696"
"Western Trade","397 E 400 S, Springville","(801) 491-1113","5","31","https://maps.google.com/?cid=17776026944600715209"
"It Suits You","1187 1200 W, Orem","(801) 691-0358","3.7","3","https://maps.google.com/?cid=10492909835910396563"
"Dependable Automotive And Diesel","1700 N Main St, Spanish Fork","(801) 368-3089","5","12","https://maps.google.com/?cid=13226209639835313171"
"Best Awning Co","785 E 400 N, Mapleton","(801) 830-0777","3","1","https://maps.google.com/?cid=2766949338922186356"
"Elk Point LLC","1481 E 1200 N, Mapleton","(801) 850-1943","5","2","https://maps.google.com/?cid=16076311915692257030"
"Maple Mountain Masonry Inc","1373 N 600 E, Mapleton","(801) 489-6092","4","1","https://maps.google.com/?cid=129058752213029300"
"Altus Tile LLC","199 S 1860 W, Provo","(385) 219-5497","3.8","9","https://maps.google.com/?cid=11579902872921154373"
"PM Repairs","1205 UT-51, Spanish Fork","(801) 404-9439","5","13","https://maps.google.com/?cid=4423606623297355513"
"Higginson Jewelry and Antiques","567 S 1680 E St, Springville","(801) 310-0343","5","2","https://maps.google.com/?cid=17644391794477607711"
"M Station Ink","1862 W Alvey Dr, Mapleton","(801) 489-7397","5","5","https://maps.google.com/?cid=14465436191115796275"
"Higher Industries, LLC","1816 River Bottom Rd, Springville","(801) 472-1206","5","1","https://maps.google.com/?cid=903143492347996965"
"Hauling Brothers","601 S 400 E St, Springville","(818) 421-1301","5","6","https://maps.google.com/?cid=7318176784918491811"
"Bumble Bee Preschool LLC","929 E 400 N, Mapleton","(801) 885-4640","","","https://maps.google.com/?cid=13130743836984839252"
"WEST DESERT FABRICATION","238 W 350 S St, Goshen","","5","5","https://maps.google.com/?cid=4722119881654857289"
"Tannerwerks","Utah Co, 54 N 200 W, Santaquin","","","","https://maps.google.com/?cid=10543827852280816323"
"Heavy Equipment Solutions, LLC","382 1100 W, Payson","(801) 802-2152","4.9","31","https://maps.google.com/?cid=13917702411890815768"
"Dale's Small Engine Repair","1073 S 1040 W St, Payson","(801) 372-3864","4.9","59","https://maps.google.com/?cid=17088558993275660774"
"Utah Powersport Pros","7098 Old Hwy 91, Mona","(385) 535-5352","3.6","20","https://maps.google.com/?cid=2819148998647402517"
"Midas Road Service","126 W 300 N, Santaquin","(435) 294-2873","5","1","https://maps.google.com/?cid=9516401262146477028"
"Speedy House A/C Repair","755 S 1040 W St #1054, Payson","","4","2","https://maps.google.com/?cid=10744784462715347641"
"Deseret Feed Lot","17175 S 12100 W St, Elberta","(801) 667-3230","4.3","3","https://maps.google.com/?cid=5627635856690473589"
"Rancho 4 Hermanos","9193 S 4800 W, Payson","(801) 404-7176","5","2","https://maps.google.com/?cid=6393992802910576793"
"Beere Cattle Company","9193 S 4800 W, Payson","(801) 362-6249","5","5","https://maps.google.com/?cid=15158632564229020076"
"Taylor Ranch Arabian Horses","4728 W 12240 S, Payson","(801) 592-5601","4.5","12","https://maps.google.com/?cid=17555481673135312780"
"Colton Lloyd's Farrier Service - **BOOKS ARE CLOSED FOR THE TIME BEING**","5075 W 10400 S, Payson","(801) 850-2599","","","https://maps.google.com/?cid=13511227226597274046"
"Christiansen Masonry LLC","10187 S 4440 W, Payson","(801) 465-3162","","","https://maps.google.com/?cid=17145642346519667365"
"Kester's Upholstery","350 S 200 W, Santaquin","(801) 754-3401","4.9","12","https://maps.google.com/?cid=8103795478986181912"
"Denny's Taxidermy LLC","5904 W 11300 S, Payson","(801) 380-8553","5","13","https://maps.google.com/?cid=27650783841091258"
"Custom Bird Taxidermy","665 600 E, Santaquin","(801) 319-1491","5","5","https://maps.google.com/?cid=13991032282224982948"
"Mountain View Fur 3","310 S Highland Dr, Santaquin","(801) 754-5531","5","13","https://maps.google.com/?cid=1487159435414073477"
"Easy house cleaning","27 W Main St, Santaquin","(385) 625-8415","","","https://maps.google.com/?cid=16198872679832124265"
"Aspen Fire Protection","875 Canyon Rd, Santaquin","(801) 754-0565","5","1","https://maps.google.com/?cid=1846193450141766568"
"It Takes a Village Daycare","Near Apple Valley Elementary, Santaquin","(801) 687-2807","5","7","https://maps.google.com/?cid=2507523364408567187"
"Dynamite Music Teaching Aids","559 610 S, Santaquin","(801) 754-5452","","","https://maps.google.com/?cid=4431071956094721978"
"Legacy Martial Arts","673 Innovation Cir suite b1, Payson","(385) 312-7660","5","3","https://maps.google.com/?cid=3690826643379903381"
"Miss Amanda's Daycare","1886 S Freestone Blvd, Santaquin","","5","2","https://maps.google.com/?cid=7933801614266577903"
"Happy Babies, LLC","954 W Broadleaf Dr, Santaquin","(786) 832-9500","","","https://maps.google.com/?cid=3266441613274465236"
"Southwest metal Structures","10204 S 4400 W St, Payson","(435) 222-4177","5","2","https://maps.google.com/?cid=16775374872146712866"